date,price,Open,High,Low,Vol.,Change %
9/7/2015,14600,14600,14700,14500,553.02K,-0.68%
9/8/2015,14800,14500,14800,14400,969.66K,1.37%
9/9/2015,14800,14900,15000,14700,809.43K,0.00%
9/10/2015,14800,14600,14800,14600,624.23K,0.00%
9/11/2015,14800,14700,14900,14700,654.53K,0.00%
9/14/2015,14700,14800,15000,14700,940.30K,-0.68%
9/15/2015,14700,14700,14800,14600,561.48K,0.00%
9/16/2015,15300,15000,15700,15000,2.89M,4.08%
9/17/2015,15300,15400,15600,15300,1.84M,0.00%
9/18/2015,15500,15500,15500,15300,7.40M,1.31%
9/21/2015,15200,15300,15400,15200,994.91K,-1.94%
9/22/2015,15400,15200,15800,15100,3.79M,1.32%
9/23/2015,15400,15300,15700,15300,1.72M,0.00%
9/24/2015,15400,15500,15600,15300,949.84K,0.00%
9/25/2015,15100,15400,15400,15100,1.56M,-1.95%
9/28/2015,14800,15200,15200,14700,1.79M,-1.99%
9/29/2015,14800,14600,14800,14400,1.80M,0.00%
9/30/2015,14800,14800,14900,14700,1.23M,0.00%
10/1/2015,14700,14800,14800,14600,987.10K,-0.68%
10/2/2015,14900,14900,15100,14800,1.78M,1.36%
10/5/2015,14900,15000,15100,14800,1.15M,0.00%
10/6/2015,14900,15000,15000,14800,2.87M,0.00%
10/7/2015,15000,14900,15000,14800,2.79M,0.67%
10/8/2015,15000,14900,15200,14800,3.12M,0.00%
10/9/2015,15300,15200,15700,15100,9.65M,2.00%
10/12/2015,15300,15400,15600,15300,4.60M,0.00%
10/13/2015,15300,15200,15700,15200,4.11M,0.00%
10/14/2015,15100,15300,15400,15100,3.11M,-1.31%
10/15/2015,14900,15000,15100,14900,2.90M,-1.32%
10/16/2015,14800,15000,15100,14800,3.61M,-0.67%
10/19/2015,14700,14800,14900,14700,2.78M,-0.68%
10/20/2015,14400,14700,14700,14300,4.53M,-2.04%
10/21/2015,14600,14400,14600,14300,1.94M,1.39%
10/22/2015,14400,14500,14700,14400,1.42M,-1.37%
10/23/2015,14500,14500,14600,14400,2.00M,0.69%
10/26/2015,14500,14500,14900,14500,2.81M,0.00%
10/27/2015,14300,14400,14600,14200,2.45M,-1.38%
10/28/2015,14000,14300,14300,14000,5.06M,-2.10%
10/29/2015,14000,14000,14100,13900,3.59M,0.00%
10/30/2015,14100,14100,14200,13900,2.29M,0.71%
11/2/2015,14000,14100,14200,14000,1.68M,-0.71%
11/3/2015,13900,14000,14000,13700,3.63M,-0.71%
11/4/2015,13800,14000,14000,13800,1.47M,-0.72%
11/5/2015,14700,13700,14700,13700,4.70M,6.52%
11/6/2015,14500,14900,15000,14500,5.01M,-1.36%
11/9/2015,14300,14500,14500,14200,1.29M,-1.38%
11/10/2015,14100,14200,14300,14100,1.81M,-1.40%
11/11/2015,14000,14100,14200,14000,1.51M,-0.71%
11/12/2015,14000,14000,14100,13800,1.92M,0.00%
11/13/2015,13900,14000,14000,13800,1.23M,-0.71%
11/16/2015,13800,13800,13900,13700,3.31M,-0.72%
11/17/2015,13800,13800,14000,13700,4.01M,0.00%
11/18/2015,13700,13800,13900,13600,2.65M,-0.72%
11/19/2015,13700,13600,13800,13600,1.65M,0.00%
11/20/2015,13600,13700,13800,13600,2.36M,-0.73%
11/23/2015,13600,13700,13800,13500,2.27M,0.00%
11/24/2015,13400,13600,13700,13300,3.92M,-1.47%
11/25/2015,13200,13400,13400,13000,4.49M,-1.49%
11/26/2015,13100,13100,13300,13000,3.53M,-0.76%
11/27/2015,12600,13000,13100,12600,5.30M,-3.82%
11/30/2015,12200,12600,12700,12200,4.01M,-3.17%
12/1/2015,12000,12100,12500,11800,6.06M,-1.64%
12/2/2015,12600,12300,12800,12300,9.85M,5.00%
12/3/2015,12300,12600,12600,12300,2.66M,-2.38%
12/4/2015,12200,12200,12300,12100,2.12M,-0.81%
12/7/2015,11900,12200,12200,11900,3.05M,-2.46%
12/8/2015,11900,11700,12000,11600,3.03M,0.00%
12/9/2015,11700,11900,11900,11700,2.43M,-1.68%
12/10/2015,11500,11700,11800,11500,2.14M,-1.71%
12/11/2015,11400,11500,11700,11400,3.03M,-0.87%
12/14/2015,11600,11500,12000,11400,4.46M,1.75%
12/15/2015,11600,11600,11700,11500,2.79M,0.00%
12/16/2015,11600,11700,11700,11500,1.66M,0.00%
12/17/2015,11800,11700,11800,11600,3.16M,1.72%
12/18/2015,11300,11700,11800,11300,7.27M,-4.24%
12/21/2015,11400,11500,11500,11300,2.12M,0.88%
12/22/2015,11300,11500,11600,11300,2.31M,-0.88%
12/23/2015,11300,11400,11500,11200,2.74M,0.00%
12/24/2015,11100,11300,11400,11000,3.19M,-1.77%
12/25/2015,10900,11100,11200,10700,5.45M,-1.80%
12/28/2015,10600,10900,10900,10300,6.27M,-2.75%
12/29/2015,10700,10500,10800,10300,6.56M,0.94%
12/30/2015,10700,10800,10900,10600,2.24M,0.00%
12/31/2015,10400,10700,10700,10400,2.07M,-2.80%
1/4/2016,10100,10400,10500,10100,4.48M,-2.88%
1/5/2016,9600,10100,10200,9600,7.55M,-4.95%
1/6/2016,10000,9600,10200,9600,6.61M,4.17%
1/7/2016,10100,9900,10200,9700,8.62M,1.00%
1/8/2016,10200,10000,10200,9900,9.81M,0.99%
1/11/2016,10900,10300,10900,10100,13.23M,6.86%
1/12/2016,11300,10900,11400,10900,8.94M,3.67%
1/13/2016,10900,11200,11300,10800,6.32M,-3.54%
1/14/2016,10300,10700,10800,10200,6.97M,-5.50%
1/15/2016,9900,10300,10500,9800,4.74M,-3.88%
1/18/2016,9300,9600,9700,9300,8.48M,-6.06%
1/19/2016,9600,9500,9600,9300,6.37M,3.23%
1/20/2016,9000,9500,9500,9000,8.52M,-6.25%
1/21/2016,8400,8900,8900,8400,12.66M,-6.67%
1/22/2016,7900,8100,8400,7900,19.08M,-5.95%
1/25/2016,8400,8200,8400,7900,11.89M,6.33%
1/26/2016,8900,8400,8900,8200,14.35M,5.95%
1/27/2016,8800,8900,9200,8700,8.08M,-1.12%
1/28/2016,8300,8800,8800,8200,8.16M,-5.68%
1/29/2016,8200,8400,8500,8100,6.62M,-1.20%
2/1/2016,8200,8300,8400,8100,3.27M,0.00%
2/2/2016,8000,8200,8200,7800,5.70M,-2.44%
2/3/2016,7600,7800,7900,7600,7.44M,-5.00%
2/4/2016,7700,7700,7900,7600,4.55M,1.32%
2/5/2016,7800,7700,7900,7700,1.71M,1.30%
2/15/2016,7800,7800,7900,7600,2.41M,0.00%
2/16/2016,7800,7800,7900,7700,2.55M,0.00%
2/17/2016,7800,7900,8000,7800,4.10M,0.00%
2/18/2016,7800,7900,7900,7700,4.40M,0.00%
2/19/2016,8300,7800,8300,7800,15.46M,6.41%
2/22/2016,8800,8700,8800,8600,6.57M,6.02%
2/23/2016,8900,9300,9400,8800,15.67M,1.14%
2/24/2016,9000,8700,9300,8500,13.38M,1.12%
2/25/2016,8700,9000,9200,8700,5.53M,-3.33%
2/26/2016,8600,8800,8800,8500,2.91M,-1.15%
2/29/2016,8100,8500,8500,8100,8.79M,-5.81%
3/1/2016,8300,8000,8500,8000,4.10M,2.47%
3/2/2016,8300,8400,8500,8200,1.88M,0.00%
3/3/2016,7900,8200,8300,7800,12.16M,-4.82%
3/4/2016,8200,8000,8400,7900,4.48M,3.80%
3/7/2016,8400,8400,8600,8200,4.73M,2.44%
3/8/2016,8200,8300,8400,8000,4.38M,-2.38%
3/9/2016,8100,8200,8300,8100,1.89M,-1.22%
3/10/2016,8500,8300,8500,8200,6.01M,4.94%
3/11/2016,8400,8400,8800,8300,6.15M,-1.18%
3/14/2016,8400,8400,8600,8300,3.90M,0.00%
3/15/2016,8300,8200,8500,8000,9.18M,-1.19%
3/16/2016,8500,8200,8700,8200,5.76M,2.41%
3/17/2016,8400,8500,8600,8400,4.41M,-1.18%
3/18/2016,8400,8400,8500,8300,3.81M,0.00%
3/21/2016,8500,8600,8900,8500,12.28M,1.19%
3/22/2016,8500,8500,8600,8400,3.35M,0.00%
3/23/2016,8500,8500,8700,8300,4.21M,0.00%
3/24/2016,8300,8400,8500,8300,3.14M,-2.35%
3/25/2016,8200,8300,8400,8000,4.52M,-1.20%
3/28/2016,8200,8200,8300,8100,3.16M,0.00%
3/29/2016,8000,8300,8300,8000,3.20M,-2.44%
3/30/2016,8100,8000,8200,8000,2.81M,1.25%
3/31/2016,7800,8100,8100,7700,5.68M,-3.70%
4/1/2016,7700,7800,7900,7600,3.88M,-1.28%
4/4/2016,7700,7700,7800,7500,3.16M,0.00%
4/5/2016,7800,7600,7800,7500,2.01M,1.30%
4/6/2016,7800,7800,7900,7700,1.76M,0.00%
4/7/2016,7700,7800,7900,7600,1.79M,-1.28%
4/8/2016,7600,7700,7700,7600,1.75M,-1.30%
4/11/2016,7400,7600,7700,7400,3.81M,-2.63%
4/12/2016,6900,7100,7200,6900,8.95M,-6.76%
4/13/2016,6700,6500,6900,6500,8.71M,-2.90%
4/14/2016,7100,6700,7100,6700,5.75M,5.97%
4/15/2016,6900,7200,7200,6900,2.89M,-2.82%
4/19/2016,6700,6800,6900,6600,3.31M,-2.90%
4/20/2016,6700,6700,6800,6600,2.97M,0.00%
4/21/2016,6800,6700,6900,6700,1.66M,1.49%
4/22/2016,7000,6800,7000,6700,2.82M,2.94%
4/25/2016,7400,7300,7400,7200,10.18M,5.71%
4/26/2016,7900,7700,7900,7600,7.77M,6.76%
4/27/2016,8000,8000,8100,7700,8.24M,1.27%
4/28/2016,7900,7900,8000,7700,5.10M,-1.25%
4/29/2016,8000,7900,8100,7800,4.48M,1.27%
5/4/2016,7500,7900,7900,7500,6.87M,-6.25%
5/5/2016,7400,7300,7500,7300,2.93M,-1.33%
5/6/2016,7500,7400,7600,7300,1.69M,1.35%
5/9/2016,7400,7500,7500,7300,1.54M,-1.33%
5/10/2016,7400,7300,7400,7200,1.43M,0.00%
5/11/2016,7500,7400,7500,7300,1.17M,1.35%
5/12/2016,7500,7500,7600,7400,981.74K,0.00%
5/13/2016,7400,7400,7500,7200,1.70M,-1.33%
5/16/2016,7400,7300,7400,7200,1.40M,0.00%
5/17/2016,7900,7900,7900,7900,1.12M,6.76%
5/18/2016,8400,8400,8400,8400,1.74M,6.33%
5/19/2016,8300,8900,8900,8200,11.29M,-1.19%
5/20/2016,8000,8200,8400,7900,3.92M,-3.61%
5/23/2016,8100,8000,8200,8000,2.00M,1.25%
5/24/2016,8000,8000,8100,7900,2.07M,-1.23%
5/25/2016,8000,8000,8100,7900,1.59M,0.00%
5/26/2016,7700,7900,8000,7600,3.37M,-3.75%
5/27/2016,7900,7700,8100,7700,3.01M,2.60%
5/30/2016,8000,7900,8000,7900,1.09M,1.27%
5/31/2016,7800,8000,8000,7700,2.04M,-2.50%
6/1/2016,7900,7800,7900,7600,3.67M,1.28%
6/2/2016,8100,7900,8200,7700,6.02M,2.53%
6/3/2016,8100,8000,8100,7900,3.54M,0.00%
6/6/2016,8000,8000,8200,7900,3.52M,-1.23%
6/7/2016,8000,8000,8000,7900,2.15M,0.00%
6/8/2016,8100,8100,8200,8000,3.55M,1.25%
6/9/2016,8100,8100,8200,8000,1.97M,0.00%
6/10/2016,7900,8100,8100,7900,3.21M,-2.47%
6/13/2016,7700,7800,7900,7700,3.69M,-2.53%
6/14/2016,7800,7700,7900,7600,3.05M,1.30%
6/15/2016,7900,7800,7900,7700,2.81M,1.28%
6/16/2016,7800,7900,8000,7800,2.15M,-1.27%
6/17/2016,7600,7800,7900,7600,4.50M,-2.56%
6/20/2016,7600,7600,7800,7600,1.66M,0.00%
6/21/2016,7600,7700,7800,7500,2.20M,0.00%
6/22/2016,7600,7600,7700,7400,2.74M,0.00%
6/23/2016,7700,7600,7800,7500,2.44M,1.32%
6/24/2016,7400,7700,7700,7200,6.19M,-3.90%
6/27/2016,7100,7300,7300,7000,3.39M,-4.05%
6/28/2016,7100,7100,7300,7000,1.74M,0.00%
6/29/2016,7300,7200,7400,7100,1.69M,2.82%
6/30/2016,7300,7300,7400,7200,2.23M,0.00%
7/1/2016,7400,7300,7400,7300,1.90M,1.37%
7/4/2016,7500,7400,7500,7300,2.58M,1.35%
7/5/2016,7300,7500,7500,7300,2.12M,-2.67%
7/6/2016,7300,7300,7400,7200,1.73M,0.00%
7/7/2016,7200,7200,7300,7100,2.62M,-1.37%
7/8/2016,7100,7200,7200,7000,2.23M,-1.39%
7/11/2016,6800,7100,7100,6800,5.12M,-4.23%
7/12/2016,6800,6800,6900,6700,1.91M,0.00%
7/13/2016,6900,6800,7000,6800,2.59M,1.47%
7/14/2016,6700,6900,6900,6700,3.08M,-2.90%
7/15/2016,6700,6800,6800,6600,2.65M,0.00%
7/18/2016,6900,6700,7000,6600,2.33M,2.99%
7/19/2016,6800,7000,7000,6700,1.75M,-1.45%
7/20/2016,6700,6800,6800,6600,2.31M,-1.47%
7/21/2016,6600,6700,6800,6600,1.25M,-1.49%
7/22/2016,6400,6600,6700,6300,3.77M,-3.03%
7/25/2016,6800,6500,6800,6400,3.71M,6.25%
7/26/2016,6700,6900,7000,6600,1.70M,-1.47%
7/27/2016,6600,6700,6700,6600,1.24M,-1.49%
7/28/2016,6400,6600,6600,6400,2.36M,-3.03%
7/29/2016,6400,6400,6500,6300,2.00M,0.00%
8/1/2016,6300,6500,6500,6300,1.40M,-1.56%
8/2/2016,6100,6300,6400,6000,4.48M,-3.17%
8/3/2016,5800,6100,6100,5800,2.83M,-4.92%
8/4/2016,5400,5800,6000,5400,6.60M,-6.90%
8/5/2016,5100,5300,5400,5100,7.44M,-5.56%
8/8/2016,5300,5000,5400,5000,3.71M,3.92%
8/9/2016,5600,5300,5600,5300,2.97M,5.66%
8/10/2016,5900,5800,5900,5700,5.01M,5.36%
8/11/2016,6300,6100,6300,6100,6.95M,6.78%
8/12/2016,6500,6500,6600,6200,5.96M,3.17%
8/15/2016,6900,6900,6900,6700,11.49M,6.15%
8/16/2016,6800,7100,7100,6600,5.58M,-1.45%
8/17/2016,6400,6600,6600,6400,4.20M,-5.88%
8/18/2016,6000,6000,6200,6000,6.33M,-6.25%
8/19/2016,6400,6100,6400,6100,2.67M,6.67%
8/22/2016,6300,6000,6600,6000,12.52M,-1.56%
8/23/2016,6300,6200,6300,6100,2.85M,0.00%
8/24/2016,6200,6200,6400,6100,2.61M,-1.59%
8/25/2016,6000,6100,6200,5900,4.59M,-3.23%
8/26/2016,6400,6200,6400,6100,6.34M,6.67%
8/29/2016,6300,6600,6700,6300,5.45M,-1.56%
8/30/2016,6300,6200,6400,6100,2.22M,0.00%
8/31/2016,6300,6200,6300,6100,2.19M,0.00%
9/1/2016,6000,6200,6200,5900,3.87M,-4.76%
9/5/2016,5600,5900,6000,5600,6.13M,-6.67%
9/6/2016,5800,5600,5800,5500,1.83M,3.57%
9/7/2016,5700,5800,5800,5500,1.61M,-1.72%
9/8/2016,5700,5600,5800,5500,2.70M,0.00%
9/9/2016,5600,5700,5700,5500,3.20M,-1.75%
9/12/2016,5400,5600,5600,5400,1.80M,-3.57%
9/13/2016,5200,5400,5480,5110,2.17M,-3.70%
9/14/2016,5200,5100,5390,5090,2.63M,0.00%
9/15/2016,5300,5200,5560,5170,3.28M,1.92%
9/16/2016,4930,5300,5450,4930,7.94M,-6.98%
9/19/2016,5010,5000,5100,4930,3.24M,1.62%
9/20/2016,5070,5100,5100,5010,2.11M,1.20%
9/21/2016,5130,5070,5200,5000,1.95M,1.18%
9/22/2016,5140,5130,5150,5100,1.83M,0.19%
9/23/2016,5130,5140,5140,5050,1.74M,-0.19%
9/26/2016,5150,5080,5150,5080,1.59M,0.39%
9/27/2016,5280,5200,5310,5190,5.67M,2.52%
9/28/2016,5310,5320,5480,5310,4.26M,0.57%
9/29/2016,5250,5350,5390,5250,2.24M,-1.13%
9/30/2016,5250,5190,5250,5150,2.43M,0.00%
10/3/2016,5210,5250,5250,5170,2.10M,-0.76%
10/4/2016,5150,5210,5250,5150,1.01M,-1.15%
10/5/2016,5110,5200,5200,5110,1.46M,-0.78%
10/6/2016,5140,5110,5260,5110,2.02M,0.59%
10/7/2016,5130,5140,5160,5120,1.28M,-0.19%
10/10/2016,5130,5130,5130,5090,1.65M,0.00%
10/11/2016,5100,5120,5130,5020,2.18M,-0.58%
10/12/2016,5160,5090,5390,5070,2.72M,1.18%
10/13/2016,5270,5280,5290,5160,2.43M,2.13%
10/14/2016,5630,5270,5630,5270,5.60M,6.83%
10/17/2016,5630,5940,5950,5630,5.49M,0.00%
10/18/2016,5390,5600,5630,5390,3.41M,-4.26%
10/19/2016,5350,5400,5490,5300,3.11M,-0.74%
10/20/2016,5350,5350,5400,5300,2.62M,0.00%
10/21/2016,5300,5320,5360,5300,1.81M,-0.93%
10/24/2016,5270,5210,5400,5210,2.35M,-0.57%
10/25/2016,5300,5250,5300,5210,1.68M,0.57%
10/26/2016,5250,5250,5320,5230,1.40M,-0.94%
10/27/2016,5240,5250,5270,5220,1.05M,-0.19%
10/28/2016,5370,5240,5540,5240,2.39M,2.48%
10/31/2016,5200,5300,5350,5200,1.64M,-3.17%
11/1/2016,5100,5100,5190,5100,1.99M,-1.92%
11/2/2016,5170,5200,5260,5170,3.01M,1.37%
11/3/2016,5120,5170,5180,5100,1.42M,-0.97%
11/4/2016,5120,5120,5160,5100,1.04M,0.00%
11/7/2016,5130,5100,5190,5100,1.08M,0.20%
11/8/2016,5160,5240,5240,5160,852.98K,0.58%
11/9/2016,5130,5150,5170,4950,2.59M,-0.58%
11/10/2016,5340,5130,5450,5130,3.17M,4.09%
11/11/2016,5500,5340,5590,5340,5.13M,3.00%
11/14/2016,5360,5520,5520,5360,2.74M,-2.55%
11/15/2016,5360,5360,5450,5350,2.68M,0.00%
11/16/2016,5730,5480,5730,5470,3.59M,6.90%
11/17/2016,5800,5900,6070,5800,9.15M,1.22%
11/18/2016,5700,5720,5800,5680,4.74M,-1.72%
11/21/2016,6040,5850,6050,5800,6.58M,5.96%
11/22/2016,6230,6230,6300,6170,6.23M,3.15%
11/23/2016,6200,6200,6240,6110,4.30M,-0.48%
11/24/2016,6450,6400,6580,6360,8.23M,4.03%
11/25/2016,6330,6460,6480,6260,4.26M,-1.86%
11/28/2016,6220,6250,6300,6180,4.25M,-1.74%
11/29/2016,6210,6220,6300,6210,3.67M,-0.16%
11/30/2016,5910,6200,6210,5900,4.70M,-4.83%
12/1/2016,5900,6120,6120,5900,1.94M,-0.17%
12/2/2016,5650,5830,5890,5500,4.12M,-4.24%
12/5/2016,5650,5740,5770,5620,1.85M,0.00%
12/6/2016,5520,5650,5650,5440,2.43M,-2.30%
12/7/2016,5520,5400,5530,5400,1.82M,0.00%
12/8/2016,5560,5600,5720,5530,1.48M,0.72%
12/9/2016,5530,5600,5630,5510,1.14M,-0.54%
12/12/2016,5580,5630,5740,5550,3.27M,0.90%
12/13/2016,5400,5590,5590,5390,3.01M,-3.23%
12/14/2016,5750,5550,5750,5400,4.86M,6.48%
12/15/2016,5730,5800,5860,5690,3.94M,-0.35%
12/16/2016,5780,5730,5820,5700,4.13M,0.87%
12/19/2016,5900,5940,5940,5860,4.28M,2.08%
12/20/2016,5640,5800,5850,5640,2.19M,-4.41%
12/21/2016,5610,5640,5700,5600,2.01M,-0.53%
12/22/2016,5530,5670,5670,5350,2.68M,-1.43%
12/23/2016,5510,5500,5530,5470,1.77M,-0.36%
12/26/2016,5460,5550,5580,5440,1.36M,-0.91%
12/27/2016,5350,5410,5450,5350,1.96M,-2.01%
12/28/2016,5360,5450,5520,5340,3.25M,0.19%
12/29/2016,5360,5460,5460,5320,1.82M,0.00%
12/30/2016,5350,5400,5550,5350,3.66M,-0.19%
1/3/2017,5350,5380,5420,5340,1.85M,0.00%
1/4/2017,5500,5440,5680,5420,5.37M,2.80%
1/5/2017,5400,5570,5570,5390,3.57M,-1.82%
1/6/2017,5360,5390,5470,5360,3.21M,-0.74%
1/9/2017,5230,5360,5380,5230,5.86M,-2.43%
1/10/2017,5220,5230,5300,5180,3.99M,-0.19%
1/11/2017,5180,5260,5350,5170,5.06M,-0.77%
1/12/2017,5210,5180,5240,4900,14.42M,0.58%
1/13/2017,5080,5100,5190,5080,2.59M,-2.50%
1/16/2017,5080,5100,5170,5080,1.66M,0.00%
1/17/2017,5060,5080,5090,5050,1.85M,-0.39%
1/18/2017,4960,5050,5060,4960,2.85M,-1.98%
1/19/2017,4970,4960,5010,4950,1.89M,0.20%
1/20/2017,5090,4960,5120,4960,2.37M,2.41%
1/23/2017,5420,5190,5430,5140,5.11M,6.48%
1/24/2017,5790,5450,5790,5450,9.26M,6.83%
1/25/2017,5600,5900,5900,5570,6.53M,-3.28%
2/2/2017,5990,5770,5990,5720,10.50M,6.96%
2/3/2017,5840,6000,6100,5800,4.92M,-2.50%
2/6/2017,5920,5820,5920,5750,3.97M,1.37%
2/7/2017,6090,5910,6190,5910,5.75M,2.87%
2/8/2017,6160,6090,6250,6090,6.48M,1.15%
2/9/2017,5950,6160,6240,5950,8.57M,-3.41%
2/10/2017,6060,5910,6140,5780,6.68M,1.85%
2/13/2017,6240,6060,6370,6060,9.86M,2.97%
2/14/2017,6520,6540,6670,6500,10.84M,4.49%
2/15/2017,6800,6520,6940,6510,10.28M,4.29%
2/16/2017,7050,6890,7270,6800,20.80M,3.68%
2/17/2017,7240,7000,7240,6950,10.52M,2.70%
2/20/2017,7740,7230,7740,7180,14.36M,6.91%
2/21/2017,8200,7980,8280,7900,11.60M,5.94%
2/22/2017,8120,8190,8260,8000,11.55M,-0.98%
2/23/2017,8140,8120,8490,8080,10.58M,0.25%
2/24/2017,7580,8140,8240,7580,14.28M,-6.88%
2/27/2017,8110,7520,8110,7350,13.48M,6.99%
2/28/2017,8180,8300,8450,8130,6.53M,0.86%
3/1/2017,8150,8000,8250,7930,8.02M,-0.37%
3/2/2017,7910,8150,8210,7910,6.01M,-2.94%
3/3/2017,8050,7810,8050,7670,4.61M,1.77%
3/6/2017,8070,8150,8200,8070,6.01M,0.25%
3/7/2017,8010,8070,8080,7990,3.86M,-0.74%
3/8/2017,8040,8000,8130,7880,6.17M,0.37%
3/9/2017,8300,8040,8490,8010,11.30M,3.23%
3/10/2017,8340,8300,8490,8270,5.74M,0.48%
3/13/2017,8210,8340,8340,8170,4.22M,-1.56%
3/14/2017,8230,8180,8300,8150,3.22M,0.24%
3/15/2017,8290,8210,8320,8200,5.55M,0.73%
3/16/2017,8870,8310,8870,8300,23.17M,7.00%
3/17/2017,9100,9150,9290,9000,12.66M,2.59%
3/20/2017,9110,9200,9330,9110,5.87M,0.11%
3/21/2017,9320,9100,9350,9010,7.90M,2.31%
3/22/2017,9680,9450,9970,9400,14.88M,3.86%
3/23/2017,10100,9700,10250,9680,10.65M,4.34%
3/24/2017,9900,10100,10350,9700,12.78M,-1.98%
3/27/2017,9900,9650,10100,9500,13.17M,0.00%
3/28/2017,9650,9900,9900,9580,15.34M,-2.53%
3/29/2017,9200,9600,9650,8980,15.57M,-4.66%
3/30/2017,9060,9100,9400,8880,8.21M,-1.52%
3/31/2017,9150,9010,9190,9010,4.30M,0.99%
4/3/2017,9050,9170,9180,9020,3.40M,-1.09%
4/4/2017,9600,9050,9650,9050,5.94M,6.08%
4/5/2017,9350,9600,9680,9350,5.09M,-2.60%
4/7/2017,9250,9400,9400,9200,2.34M,-1.07%
4/10/2017,9190,9230,9390,9190,2.99M,-0.65%
4/11/2017,9140,9300,9420,9140,6.05M,-0.54%
4/12/2017,8600,9110,9140,8510,12.34M,-5.91%
4/13/2017,8600,8610,8790,8500,5.47M,0.00%
4/14/2017,8200,8600,8600,8200,8.02M,-4.65%
4/17/2017,8120,8200,8440,8120,5.03M,-0.98%
4/18/2017,8050,8120,8150,7850,5.66M,-0.86%
4/19/2017,8070,8020,8280,8000,4.88M,0.25%
4/20/2017,8160,8070,8240,8040,2.52M,1.12%
4/21/2017,8290,8160,8350,8100,3.64M,1.59%
4/24/2017,8680,8300,8850,8300,6.80M,4.70%
4/25/2017,8530,8750,8770,8510,3.27M,-1.73%
4/26/2017,8790,8550,8790,8540,3.84M,3.05%
4/27/2017,8710,8810,8900,8700,2.56M,-0.91%
4/28/2017,8650,8610,8710,8580,3.88M,-0.69%
5/3/2017,9000,8610,9000,8480,4.32M,4.05%
5/4/2017,9420,9180,9570,9150,11.58M,4.67%
5/5/2017,9100,9500,9540,9100,9.48M,-3.40%
5/8/2017,8500,9050,9060,8470,16.51M,-6.59%
5/9/2017,8900,8400,8950,8200,7.10M,4.71%
5/10/2017,8690,8800,9010,8690,4.98M,-2.36%
5/11/2017,8520,8600,8640,8500,3.13M,-1.96%
5/12/2017,8660,8590,8760,8580,3.03M,1.64%
5/15/2017,8810,8750,8890,8690,4.38M,1.73%
5/16/2017,8940,8890,9180,8890,7.62M,1.48%
5/17/2017,8960,8950,9070,8800,2.96M,0.22%
5/18/2017,8800,9000,9000,8780,3.72M,-1.79%
5/19/2017,9000,8870,9000,8780,3.58M,2.27%
5/22/2017,9050,9400,9400,9050,6.53M,0.56%
5/23/2017,8900,9000,9100,8800,3.64M,-1.66%
5/24/2017,8830,8900,9010,8780,3.34M,-0.79%
5/25/2017,8800,8880,8950,8750,3.75M,-0.34%
5/26/2017,9000,8800,9000,8770,4.26M,2.27%
5/29/2017,9080,9030,9290,9030,5.46M,0.89%
5/30/2017,8820,9080,9100,8810,3.98M,-2.86%
5/31/2017,8700,8820,8900,8700,2.93M,-1.36%
6/1/2017,8800,8720,8800,8700,2.81M,1.15%
6/2/2017,8920,8800,8950,8750,1.64M,1.36%
6/5/2017,8300,8600,8700,8300,11.31M,-6.95%
6/6/2017,8580,8300,8580,8230,3.40M,3.37%
6/7/2017,8570,8690,8690,8570,2.52M,-0.12%
6/8/2017,8220,8500,8550,8200,3.76M,-4.08%
6/9/2017,8220,8220,8400,8060,3.96M,0.00%
6/12/2017,8360,8250,8400,8200,1.16M,1.70%
6/13/2017,8550,8400,8590,8400,3.23M,2.27%
6/14/2017,9140,8750,9140,8710,11.20M,6.90%
6/15/2017,9050,9290,9450,8950,9.16M,-0.98%
6/16/2017,9170,9100,9250,9010,14.80M,1.33%
6/19/2017,9050,9400,9400,9020,4.81M,-1.31%
6/20/2017,9060,9050,9070,8990,2.84M,0.11%
6/21/2017,9150,9200,9200,9050,6.51M,0.99%
6/22/2017,9560,9250,9680,9180,7.81M,4.48%
6/23/2017,9780,9600,9870,9600,6.29M,2.30%
6/26/2017,9700,9800,9850,9650,5.19M,-0.82%
6/27/2017,9350,9660,9690,9350,6.77M,-3.61%
6/28/2017,9490,9300,9490,9250,2.39M,1.50%
6/29/2017,9600,9590,9640,9510,3.48M,1.16%
6/30/2017,9480,9600,9760,9400,5.81M,-1.25%
7/3/2017,9100,9490,9500,9020,7.03M,-4.01%
7/4/2017,9220,9100,9220,9020,3.84M,1.32%
7/5/2017,9180,9170,9220,9080,2.52M,-0.43%
7/6/2017,9100,9180,9180,9090,2.70M,-0.87%
7/7/2017,9000,9070,9100,9000,3.43M,-1.10%
7/10/2017,8800,8990,8990,8720,3.78M,-2.22%
7/11/2017,9200,8800,9200,8720,5.87M,4.55%
7/12/2017,9250,9300,9430,9210,6.39M,0.54%
7/13/2017,9560,9250,9700,9200,9.28M,3.35%
7/14/2017,9400,9650,9700,9360,5.13M,-1.67%
7/17/2017,9220,9400,9400,9170,3.06M,-1.91%
7/18/2017,9070,9010,9180,8900,3.08M,-1.63%
7/19/2017,9080,9100,9180,9070,2.20M,0.11%
7/20/2017,9100,9080,9180,9050,2.62M,0.22%
7/21/2017,9010,9150,9170,9010,2.64M,-0.99%
7/24/2017,8990,9010,9030,8850,2.46M,-0.22%
7/25/2017,8980,8900,9000,8870,2.07M,-0.11%
7/26/2017,9100,8980,9120,8980,2.38M,1.34%
7/27/2017,9070,9100,9190,9040,2.08M,-0.33%
7/28/2017,9200,9070,9390,9070,2.31M,1.43%
7/31/2017,9410,9300,9520,9200,7.13M,2.28%
8/1/2017,9450,9680,9800,9420,7.78M,0.43%
8/2/2017,9250,9450,9500,9220,4.00M,-2.12%
8/3/2017,9220,9200,9340,9150,4.00M,-0.32%
8/4/2017,9130,9230,9250,9100,3.04M,-0.98%
8/7/2017,9150,9270,9270,9110,2.30M,0.22%
8/8/2017,9080,9150,9180,9080,3.44M,-0.77%
8/9/2017,8990,9100,9100,8900,5.32M,-0.99%
8/10/2017,8950,8970,9090,8900,3.00M,-0.44%
8/11/2017,8800,8950,8950,8780,3.66M,-1.68%
8/14/2017,8900,8800,8900,8740,2.53M,1.14%
8/15/2017,8900,8940,8940,8810,1.58M,0.00%
8/16/2017,8890,8900,8900,8830,2.41M,-0.11%
8/17/2017,8400,8830,8900,8400,5.59M,-5.51%
8/18/2017,8400,8200,8400,8060,2.90M,0.00%
8/21/2017,8600,8700,8780,8600,2.46M,2.38%
8/22/2017,8520,8520,8600,8470,1.41M,-0.93%
8/23/2017,8350,8400,8510,8350,1.52M,-2.00%
8/24/2017,8450,8400,8550,8320,2.29M,1.20%
8/25/2017,8480,8500,8550,8400,1.54M,0.36%
8/28/2017,8400,8480,8480,8400,2.62M,-0.94%
8/29/2017,8590,8400,8670,8400,3.27M,2.26%
8/30/2017,8590,8590,8600,8480,1.66M,0.00%
8/31/2017,8490,8500,8580,8490,1.11M,-1.16%
9/1/2017,8420,8500,8500,8400,1.26M,-0.82%
9/5/2017,8390,8480,8480,8380,1.17M,-0.36%
9/6/2017,8310,8470,8470,8300,2.13M,-0.95%
9/7/2017,8420,8310,8420,8300,1.59M,1.32%
9/8/2017,8410,8410,8500,8370,2.19M,-0.12%
9/11/2017,8320,8410,8410,8290,1.38M,-1.07%
9/12/2017,8260,8300,8310,8190,2.43M,-0.72%
9/13/2017,8310,8260,8430,8160,3.73M,0.61%
9/14/2017,8350,8400,8460,8320,2.14M,0.48%
9/15/2017,8370,8350,8370,8290,1.66M,0.24%
9/18/2017,8330,8340,8400,8300,1.58M,-0.48%
9/19/2017,8280,8310,8340,8280,1.50M,-0.60%
9/20/2017,8350,8300,8550,8290,3.22M,0.85%
9/21/2017,8400,8400,8470,8360,1.18M,0.60%
9/22/2017,8400,8410,8500,8370,3.18M,0.00%
9/25/2017,8360,8470,8470,8360,1.11M,-0.48%
9/26/2017,8800,8420,8850,8420,5.91M,5.26%
9/27/2017,8690,8820,8960,8690,3.47M,-1.25%
9/28/2017,8530,8700,8790,8500,2.77M,-1.84%
9/29/2017,8400,8490,8530,8400,2.43M,-1.52%
10/2/2017,8350,8400,8430,8330,1.81M,-0.60%
10/3/2017,8250,8350,8400,8200,1.85M,-1.20%
10/4/2017,8380,8250,8380,8250,807.79K,1.58%
10/5/2017,8300,8380,8440,8290,1.18M,-0.95%
10/6/2017,8290,8330,8360,8280,1.05M,-0.12%
10/9/2017,8340,8290,8380,8280,1.47M,0.60%
10/10/2017,8310,8340,8350,8260,1.10M,-0.36%
10/11/2017,8320,8310,8380,8300,1.17M,0.12%
10/12/2017,8270,8310,8320,8270,1.17M,-0.60%
10/13/2017,8280,8270,8310,8260,1.00M,0.12%
10/16/2017,8330,8280,8370,8280,1.96M,0.60%
10/17/2017,8290,8330,8350,8260,1.30M,-0.48%
10/18/2017,8180,8290,8290,8180,2.04M,-1.33%
10/19/2017,8180,8180,8250,8160,1.81M,0.00%
10/20/2017,8100,8180,8190,8080,1.72M,-0.98%
10/23/2017,7740,8080,8090,7740,3.86M,-4.44%
10/24/2017,7770,7700,7800,7670,2.14M,0.39%
10/25/2017,7910,7800,8100,7800,2.14M,1.80%
10/26/2017,7700,7910,7990,7660,2.44M,-2.65%
10/27/2017,7550,7700,7700,7410,3.40M,-1.95%
10/30/2017,7750,7540,7750,7520,4.84M,2.65%
10/31/2017,8020,7660,8110,7660,8.14M,3.48%
11/1/2017,8080,8020,8180,7990,8.66M,0.75%
11/2/2017,7520,8010,8050,7520,2.67M,-6.93%
11/3/2017,7040,7470,7470,7000,8.98M,-6.38%
11/6/2017,7290,7030,7380,7030,4.39M,3.55%
11/7/2017,7300,7300,7430,7200,2.29M,0.14%
11/8/2017,7320,7250,7320,7180,2.98M,0.27%
11/9/2017,7300,7270,7320,7260,2.43M,-0.27%
11/10/2017,7440,7290,7450,7270,3.08M,1.92%
11/13/2017,7380,7450,7460,7350,3.76M,-0.81%
11/14/2017,7220,7370,7380,7200,2.07M,-2.17%
11/15/2017,7220,7210,7270,7190,2.61M,0.00%
11/16/2017,7720,7250,7720,7210,3.76M,6.93%
11/17/2017,7810,7880,7910,7600,3.74M,1.17%
11/20/2017,7670,7700,7800,7600,1.64M,-1.79%
11/21/2017,7510,7550,7650,7450,2.47M,-2.09%
11/22/2017,7520,7480,7600,7390,2.97M,0.13%
11/23/2017,7510,7520,7580,7450,2.91M,-0.13%
11/24/2017,7690,7530,7690,7500,4.19M,2.40%
11/27/2017,7750,7700,7750,7620,4.42M,0.78%
11/28/2017,7820,7760,7860,7740,6.48M,0.90%
11/29/2017,7700,7830,7860,7700,5.64M,-1.53%
11/30/2017,7730,7700,7750,7670,3.07M,0.39%
12/1/2017,7620,7730,7740,7620,3.07M,-1.42%
12/4/2017,7510,7640,7690,7480,3.45M,-1.44%
12/5/2017,7540,7510,7710,7490,3.91M,0.40%
12/6/2017,7700,7540,7710,7520,3.09M,2.12%
12/7/2017,7830,7800,7960,7790,3.62M,1.69%
12/8/2017,7730,7830,7830,7700,1.70M,-1.28%
12/11/2017,7520,7660,7690,7520,1.73M,-2.72%
12/12/2017,7310,7520,7620,7200,3.82M,-2.79%
12/13/2017,7320,7310,7420,7300,3.01M,0.14%
12/14/2017,7380,7330,7410,7310,1.45M,0.82%
12/15/2017,7360,7380,7410,7360,2.07M,-0.27%
12/18/2017,7720,7800,7800,7650,5.85M,4.89%
12/19/2017,7500,7740,7740,7500,3.74M,-2.85%
12/20/2017,7510,7500,7610,7500,2.29M,0.13%
12/21/2017,7350,7510,7510,7300,4.75M,-2.13%
12/22/2017,7410,7330,7460,7310,1.94M,0.82%
12/25/2017,7300,7370,7400,7300,2.23M,-1.48%
12/26/2017,7400,7300,7410,7300,4.74M,1.37%
12/27/2017,7400,7430,7480,7380,5.46M,0.00%
12/28/2017,7450,7350,7450,7350,3.40M,0.68%
12/29/2017,7350,7450,7460,7330,2.33M,-1.34%
1/2/2018,7250,7350,7380,7230,3.77M,-1.36%
1/3/2018,7310,7250,7370,7250,2.26M,0.83%
1/4/2018,7460,7370,7580,7330,3.16M,2.05%
1/5/2018,7700,7500,7860,7470,9.81M,3.22%
1/8/2018,7670,7720,7830,7610,6.13M,-0.39%
1/9/2018,7550,7700,7700,7500,4.20M,-1.56%
1/10/2018,7630,7460,7630,7360,5.64M,1.06%
1/11/2018,7500,7570,7630,7500,5.44M,-1.70%
1/12/2018,7500,7500,7650,7500,4.23M,0.00%
1/15/2018,7630,7500,7680,7500,6.03M,1.73%
1/16/2018,8160,7640,8160,7600,23.85M,6.95%
1/17/2018,8160,8200,8550,8130,15.12M,0.00%
1/18/2018,8300,8000,8380,8000,9.96M,1.72%
1/19/2018,8150,8350,8370,8150,11.00M,-1.81%
1/22/2018,7940,8190,8280,7800,10.32M,-2.58%
1/25/2018,8490,8020,8490,7760,21.58M,6.93%
1/26/2018,8400,8600,8730,8390,12.94M,-1.06%
1/29/2018,8300,8500,8570,8300,10.80M,-1.19%
1/30/2018,8090,8250,8300,8000,13.75M,-2.53%
1/31/2018,8200,8050,8600,8030,15.50M,1.36%
2/1/2018,8050,8200,8300,8050,7.92M,-1.83%
2/2/2018,8050,8060,8140,8000,4.20M,0.00%
2/5/2018,7490,8010,8010,7490,15.65M,-6.96%
2/6/2018,6970,6970,7190,6970,15.79M,-6.94%
2/7/2018,7110,7300,7330,7020,5.01M,2.01%
2/8/2018,6620,6800,6950,6620,21.21M,-6.89%
2/9/2018,6500,6160,6600,6160,12.44M,-1.81%
2/12/2018,6150,6400,6600,6050,18.15M,-5.38%
2/13/2018,6500,6300,6500,6140,9.81M,5.69%
2/21/2018,6520,6550,6700,6450,6.37M,0.31%
2/22/2018,6300,6490,6490,6210,5.64M,-3.37%
2/23/2018,6350,6350,6400,6280,4.56M,0.79%
2/26/2018,6200,6350,6400,6180,8.00M,-2.36%
2/27/2018,6400,6200,6400,6200,4.54M,3.23%
2/28/2018,6220,6350,6360,6190,4.54M,-2.81%
3/1/2018,6250,6220,6360,6200,3.64M,0.48%
3/2/2018,6290,6230,6300,6190,2.36M,0.64%
3/5/2018,6320,6290,6480,6270,8.48M,0.48%
3/6/2018,6760,6350,6760,6350,10.73M,6.96%
3/7/2018,6990,7100,7200,6880,11.55M,3.40%
3/8/2018,6910,7000,7150,6840,7.74M,-1.14%
3/9/2018,7080,6800,7300,6710,9.80M,2.46%
3/12/2018,7090,7200,7200,7080,4.29M,0.14%
3/13/2018,7150,7090,7180,6990,6.56M,0.85%
3/14/2018,7410,7110,7530,7100,10.30M,3.64%
3/15/2018,7410,7450,7590,7400,8.26M,0.00%
3/16/2018,7280,7360,7510,7260,7.34M,-1.75%
3/19/2018,6900,7280,7280,6780,15.83M,-5.22%
3/20/2018,6940,6820,7040,6800,3.73M,0.58%
3/21/2018,7000,7000,7190,6930,3.29M,0.86%
3/22/2018,7190,7000,7250,7000,5.36M,2.71%
3/23/2018,7000,6900,7160,6900,5.95M,-2.64%
3/26/2018,6960,7090,7090,6930,2.81M,-0.57%
3/27/2018,6820,7000,7050,6780,4.87M,-2.01%
3/28/2018,6700,6820,6820,6680,3.93M,-1.76%
3/29/2018,6700,6690,6810,6690,1.81M,0.00%
3/30/2018,6610,6710,6750,6610,3.02M,-1.34%
4/2/2018,6150,6150,6340,6150,22.76M,-6.96%
4/3/2018,6430,6010,6430,6010,10.00M,4.55%
4/4/2018,6300,6300,6430,6270,5.50M,-2.02%
4/5/2018,6250,6220,6300,6160,5.15M,-0.79%
4/6/2018,6190,6250,6330,6190,7.07M,-0.96%
4/9/2018,6050,6200,6230,6020,7.77M,-2.26%
4/10/2018,5750,6060,6140,5750,9.79M,-4.96%
4/11/2018,5430,5800,5830,5400,7.70M,-5.57%
4/12/2018,5280,5430,5450,5200,8.27M,-2.76%
4/13/2018,5480,5280,5500,5280,6.63M,3.79%
4/16/2018,5700,5480,5820,5380,6.15M,4.01%
4/17/2018,5800,5700,5880,5700,5.11M,1.75%
4/18/2018,5670,5790,5850,5670,4.95M,-2.24%
4/19/2018,5490,5600,5680,5410,5.09M,-3.17%
4/20/2018,5510,5480,5650,5410,1.89M,0.36%
4/23/2018,5330,5550,5640,5330,3.43M,-3.27%
4/24/2018,5400,5400,5420,5300,2.80M,1.31%
4/26/2018,5400,5540,5690,5400,3.78M,0.00%
4/27/2018,5300,5400,5450,5090,4.73M,-1.85%
5/2/2018,4930,5150,5200,4930,6.79M,-6.98%
5/3/2018,4820,4800,4980,4770,3.95M,-2.23%
5/4/2018,5150,5150,5150,5060,10.09M,6.85%
5/7/2018,5200,5320,5330,5000,3.34M,0.97%
5/8/2018,5280,5260,5400,5200,2.75M,1.54%
5/9/2018,5250,5260,5280,5170,2.63M,-0.57%
5/10/2018,5100,5270,5270,5100,1.97M,-2.86%
5/11/2018,5200,5100,5200,5050,2.11M,1.96%
5/14/2018,5140,5200,5210,5110,1.68M,-1.15%
5/15/2018,5160,5190,5190,5110,1.86M,0.39%
5/16/2018,5200,5150,5240,5120,2.21M,0.78%
5/17/2018,5250,5220,5300,5200,2.47M,0.96%
5/18/2018,5260,5300,5330,5250,3.17M,0.19%
5/21/2018,5250,5280,5290,5200,1.66M,-0.19%
5/22/2018,5050,5200,5250,4990,3.18M,-3.81%
5/23/2018,5000,5050,5050,4930,1.85M,-0.99%
5/24/2018,4900,5000,5090,4870,1.77M,-2.00%
5/25/2018,4750,4900,4940,4750,1.96M,-3.06%
5/28/2018,4420,4800,4800,4420,5.03M,-6.95%
5/29/2018,4490,4400,4670,4270,3.19M,1.58%
5/30/2018,4430,4450,4500,4350,1.17M,-1.34%
5/31/2018,4460,4420,4490,4400,2.43M,0.68%
6/1/2018,4500,4420,4580,4420,1.95M,0.90%
6/4/2018,4620,4480,4670,4420,2.77M,2.67%
6/5/2018,4730,4680,4750,4630,3.11M,2.38%
6/6/2018,4660,4750,4800,4650,2.36M,-1.48%
6/7/2018,4780,4700,4860,4700,3.91M,2.58%
6/8/2018,4790,4800,4800,4720,1.47M,0.21%
6/11/2018,4610,4600,4700,4580,3.29M,-3.76%
6/12/2018,4450,4590,4610,4390,3.83M,-3.47%
6/13/2018,4490,4460,4530,4450,1.39M,0.90%
6/14/2018,4650,4500,4790,4460,14.90M,3.56%
6/15/2018,4690,4720,4800,4650,16.53M,0.86%
6/18/2018,5010,4700,5010,4700,12.37M,6.82%
6/19/2018,4760,4850,4880,4660,7.87M,-4.99%
6/20/2018,4770,4820,4820,4600,3.29M,0.21%
6/21/2018,4770,4660,4790,4610,3.30M,0.00%
6/22/2018,4700,4770,4770,4670,2.42M,-1.47%
6/25/2018,4840,4750,4930,4750,5.10M,2.98%
6/26/2018,5070,4840,5170,4790,10.61M,4.75%
6/27/2018,5130,5080,5330,5080,7.09M,1.18%
6/28/2018,5000,5130,5130,4950,5.27M,-2.53%
6/29/2018,5210,5000,5260,4950,7.55M,4.20%
7/2/2018,5200,5280,5280,5050,5.79M,-0.19%
7/3/2018,5050,5190,5240,5050,4.54M,-2.88%
7/4/2018,4880,5050,5100,4720,3.56M,-3.37%
7/5/2018,4990,4880,4990,4780,6.09M,2.25%
7/6/2018,5190,5000,5200,4950,6.64M,4.01%
7/9/2018,5000,5150,5250,5000,4.42M,-3.66%
7/10/2018,4970,5040,5100,4950,3.63M,-0.60%
7/11/2018,4880,4960,5000,4880,7.71M,-1.81%
7/12/2018,5000,4890,5010,4880,4.09M,2.46%
7/13/2018,5350,5190,5350,5050,17.14M,7.00%
7/16/2018,5720,5500,5720,5500,8.96M,6.92%
7/17/2018,5930,5720,6090,5720,15.74M,3.67%
7/18/2018,6330,5900,6340,5720,18.14M,6.75%
7/19/2018,6260,6400,6510,6150,21.45M,-1.11%
7/20/2018,6190,6200,6390,6100,16.03M,-1.12%
7/23/2018,6620,6090,6620,5900,23.40M,6.95%
7/24/2018,7080,6750,7080,6700,20.36M,6.95%
7/25/2018,7120,7000,7490,6850,19.47M,0.56%
7/26/2018,6630,7200,7220,6630,19.02M,-6.88%
7/27/2018,7090,6600,7090,6600,13.90M,6.94%
7/30/2018,7580,7580,7580,7420,7.08M,6.91%
7/31/2018,7620,7650,8090,7200,23.74M,0.53%
8/1/2018,7100,7790,7790,7090,12.63M,-6.82%
8/2/2018,6900,7100,7300,6640,15.52M,-2.82%
8/3/2018,7150,7060,7310,6900,12.07M,3.62%
8/6/2018,7230,7500,7500,7160,8.73M,1.12%
8/7/2018,6820,7200,7250,6820,7.20M,-5.67%
8/8/2018,6950,6820,7010,6790,5.67M,1.91%
8/9/2018,7430,7430,7430,7430,2.86M,6.91%
8/10/2018,7530,7950,7950,6960,37.97M,1.35%
8/13/2018,7400,7490,7580,7350,5.03M,-1.73%
8/14/2018,7290,7450,7560,7290,5.43M,-1.49%
8/15/2018,7000,7060,7200,6970,10.77M,-3.98%
8/16/2018,6700,6860,6950,6700,7.88M,-4.29%
8/17/2018,6670,6840,6850,6660,4.97M,-0.45%
8/20/2018,7120,6700,7120,6550,9.30M,6.75%
8/21/2018,7130,7050,7210,7040,6.32M,0.14%
8/22/2018,7010,7130,7210,7010,5.78M,-1.68%
8/23/2018,7000,7000,7060,6890,5.62M,-0.14%
8/24/2018,6900,6950,7050,6900,3.56M,-1.43%
8/27/2018,6800,6910,7000,6800,8.32M,-1.45%
8/28/2018,6900,6850,6990,6800,6.57M,1.47%
8/29/2018,6990,6950,7080,6790,7.49M,1.30%
8/30/2018,6890,7000,7000,6890,7.03M,-1.43%
8/31/2018,6790,6860,6900,6720,10.00M,-1.45%
9/4/2018,6600,6730,6910,6600,8.00M,-2.80%
9/5/2018,6500,6600,6750,6390,7.71M,-1.52%
9/6/2018,6090,6450,6540,6090,10.33M,-6.31%
9/7/2018,5890,5930,6010,5760,9.68M,-3.28%
9/10/2018,5900,5860,6000,5830,4.65M,0.17%
9/11/2018,6310,5950,6310,5900,7.39M,6.95%
9/12/2018,6180,6450,6490,6100,7.00M,-2.06%
9/13/2018,6150,6120,6200,6050,3.51M,-0.49%
9/14/2018,6110,6170,6190,6040,2.89M,-0.65%
9/17/2018,5960,6150,6150,5960,4.76M,-2.45%
9/18/2018,5970,5960,6070,5870,4.00M,0.17%
9/19/2018,5980,5970,6060,5970,4.04M,0.17%
9/20/2018,6000,6000,6030,5960,3.09M,0.33%
9/21/2018,6100,6040,6140,6010,5.91M,1.67%
9/24/2018,6100,6140,6150,6090,3.44M,0.00%
9/25/2018,6060,6120,6120,6020,4.34M,-0.66%
9/26/2018,6150,6060,6310,6030,6.89M,1.49%
9/27/2018,6160,6150,6280,6150,2.75M,0.16%
9/28/2018,6130,6200,6230,6110,3.44M,-0.49%
10/1/2018,6060,6170,6190,6040,4.11M,-1.14%
10/2/2018,5990,6060,6120,5980,5.23M,-1.16%
10/3/2018,5970,6000,6040,5960,2.91M,-0.33%
10/4/2018,5990,5990,6040,5950,2.25M,0.34%
10/5/2018,5900,5990,6000,5900,2.52M,-1.50%
10/8/2018,5820,5900,5930,5800,3.61M,-1.36%
10/9/2018,5650,5850,5890,5650,2.74M,-2.92%
10/10/2018,5600,5650,5790,5600,3.49M,-0.88%
10/11/2018,5210,5500,5600,5210,9.30M,-6.96%
10/12/2018,5330,5150,5330,5110,4.51M,2.30%
10/15/2018,5210,5390,5390,5210,1.85M,-2.25%
10/16/2018,5250,5150,5280,5150,1.66M,0.77%
10/17/2018,5170,5300,5320,5050,4.97M,-1.52%
10/18/2018,5100,5170,5180,5080,1.55M,-1.35%
10/19/2018,5280,5040,5350,5000,5.11M,3.53%
10/22/2018,5220,5280,5320,5190,1.58M,-1.14%
10/23/2018,5050,5180,5220,5020,2.49M,-3.26%
10/24/2018,5000,5010,5090,5000,3.62M,-0.99%
10/25/2018,4900,4710,4950,4700,4.69M,-2.00%
10/26/2018,4750,4900,5050,4750,2.57M,-3.06%
10/29/2018,4760,4750,4800,4720,2.64M,0.21%
10/30/2018,4950,4780,4990,4760,3.17M,3.99%
10/31/2018,5080,5200,5200,5080,3.36M,2.63%
11/1/2018,5080,5180,5180,5050,2.86M,0.00%
11/2/2018,5190,5090,5340,5090,3.06M,2.17%
11/5/2018,5200,5200,5280,5140,2.49M,0.19%
11/6/2018,5220,5210,5270,5210,2.25M,0.38%
11/7/2018,5250,5230,5250,5180,2.60M,0.57%
11/8/2018,5460,5280,5460,5280,5.30M,4.00%
11/9/2018,5440,5480,5650,5380,4.99M,-0.37%
11/12/2018,5490,5400,5600,5290,2.86M,0.92%
11/13/2018,5400,5400,5500,5350,2.70M,-1.64%
11/14/2018,5400,5400,5500,5340,2.88M,0.00%
11/15/2018,5490,5410,5490,5360,3.65M,1.67%
11/16/2018,5590,5500,5620,5430,4.79M,1.82%
11/19/2018,5600,5590,5600,5500,2.02M,0.18%
11/20/2018,5550,5510,5640,5510,3.09M,-0.89%
11/21/2018,5550,5510,5550,5450,1.95M,0.00%
11/22/2018,5490,5520,5550,5430,1.87M,-1.08%
11/23/2018,5250,5500,5550,5250,1.85M,-4.37%
11/26/2018,5250,5300,5310,5250,1.33M,0.00%
11/27/2018,5210,5340,5340,5200,1.32M,-0.76%
11/28/2018,5170,5210,5250,5150,1.03M,-0.77%
11/29/2018,5050,5200,5220,5050,2.80M,-2.32%
11/30/2018,5150,5010,5150,4950,3.41M,1.98%
12/3/2018,5150,5180,5240,5150,3.16M,0.00%
12/4/2018,5250,5160,5250,5130,4.30M,1.94%
12/5/2018,5180,5200,5230,5150,1.59M,-1.33%
12/6/2018,5170,5180,5210,5150,1.09M,-0.19%
12/7/2018,5200,5200,5260,5160,2.19M,0.58%
12/10/2018,5180,5200,5250,5180,1.84M,-0.38%
12/11/2018,5170,5210,5210,5150,1.55M,-0.19%
12/12/2018,5190,5180,5210,5150,2.68M,0.39%
12/13/2018,5200,5200,5230,5160,2.25M,0.19%
12/14/2018,5180,5180,5200,5150,2.64M,-0.38%
12/17/2018,5100,5210,5220,5100,2.02M,-1.54%
12/18/2018,5200,5050,5200,5000,3.26M,1.96%
12/19/2018,5190,5200,5200,5080,1.15M,-0.19%
12/20/2018,5090,5100,5160,5080,1.08M,-1.93%
12/21/2018,5050,5080,5100,5030,1.97M,-0.79%
12/24/2018,5050,5100,5100,4900,3.16M,0.00%
12/25/2018,4880,5000,5050,4870,3.26M,-3.37%
12/26/2018,4880,4950,4970,4870,1.74M,0.00%
12/27/2018,4940,4960,5000,4930,793.69K,1.23%
12/28/2018,4880,4930,4970,4870,1.17M,-1.21%
1/2/2019,4780,4890,4910,4780,1.74M,-2.05%
1/3/2019,4680,4780,4800,4600,2.62M,-2.09%
1/4/2019,4660,4610,4690,4570,1.51M,-0.43%
1/7/2019,4660,4700,4800,4660,1.10M,0.00%
1/8/2019,4750,4660,4750,4650,1.42M,1.93%
1/9/2019,4710,4720,4810,4710,1.49M,-0.84%
1/10/2019,4860,4710,4880,4680,3.04M,3.18%
1/11/2019,5080,5000,5160,5000,4.90M,4.53%
1/14/2019,5070,5140,5250,5070,2.76M,-0.20%
1/15/2019,5070,5070,5140,5050,2.00M,0.00%
1/16/2019,5110,5130,5130,5020,2.73M,0.79%
1/17/2019,5030,5100,5110,5020,1.62M,-1.57%
1/18/2019,4990,5030,5080,4990,1.41M,-0.80%
1/21/2019,4950,5030,5030,4920,1.52M,-0.80%
1/22/2019,4980,4970,5040,4970,2.42M,0.61%
1/23/2019,5000,4960,5080,4960,1.65M,0.40%
1/24/2019,4990,5010,5030,4980,1.79M,-0.20%
1/25/2019,5000,5000,5040,4980,1.87M,0.20%
1/28/2019,5000,5000,5020,4980,1.00M,0.00%
1/29/2019,4930,5000,5020,4920,1.76M,-1.40%
1/30/2019,5000,4970,5010,4930,1.41M,1.42%
1/31/2019,5000,4950,5100,4950,2.18M,0.00%
2/1/2019,5000,5000,5020,4890,1.74M,0.00%
2/11/2019,4960,4990,5040,4960,974.38K,-0.80%
2/12/2019,5300,5000,5300,4970,11.27M,6.85%
2/13/2019,5320,5400,5430,5300,5.22M,0.38%
2/14/2019,5200,5320,5340,5180,4.07M,-2.26%
2/15/2019,5170,5200,5290,5160,3.98M,-0.58%
2/18/2019,5440,5200,5520,5180,9.24M,5.22%
2/19/2019,5440,5490,5660,5400,10.55M,0.00%
2/20/2019,5330,5410,5480,5320,5.26M,-2.02%
2/21/2019,5410,5400,5520,5350,5.10M,1.50%
2/22/2019,5490,5400,5620,5380,5.54M,1.48%
2/25/2019,5500,5590,5590,5490,4.72M,0.18%
2/26/2019,5660,5500,5840,5500,12.86M,2.91%
2/27/2019,5690,5760,5790,5670,3.65M,0.53%
2/28/2019,5520,5700,5740,5500,6.88M,-2.99%
3/1/2019,5650,5520,5650,5520,5.42M,2.36%
3/4/2019,6040,5700,6040,5680,13.53M,6.90%
3/5/2019,6080,6110,6290,6030,11.45M,0.66%
3/6/2019,6150,6080,6200,6000,6.98M,1.15%
3/7/2019,6070,6150,6160,6060,5.14M,-1.30%
3/8/2019,5870,5960,6030,5840,6.64M,-3.29%
3/11/2019,5760,5890,5920,5720,4.31M,-1.87%
3/12/2019,5800,5850,5900,5730,4.85M,0.69%
3/13/2019,5800,5840,5920,5800,4.06M,0.00%
3/14/2019,5840,5810,6000,5760,4.41M,0.69%
3/15/2019,5770,5850,5850,5770,3.60M,-1.20%
3/18/2019,5540,5760,5800,5510,7.59M,-3.99%
3/19/2019,5550,5550,5640,5540,5.45M,0.18%
3/20/2019,5520,5580,5600,5480,2.51M,-0.54%
3/21/2019,5200,5550,5570,5200,5.43M,-5.80%
3/22/2019,5250,5250,5310,5210,2.77M,0.96%
3/25/2019,5610,5440,5610,5370,3.85M,6.86%
3/26/2019,5870,6000,6000,5800,14.57M,4.63%
3/27/2019,5610,5870,5880,5610,4.92M,-4.43%
3/28/2019,5560,5530,5730,5400,4.14M,-0.89%
3/29/2019,5560,5530,5600,5480,3.45M,0.00%
4/1/2019,5460,5590,5600,5440,3.45M,-1.80%
4/2/2019,5440,5500,5530,5440,2.65M,-0.37%
4/3/2019,5390,5400,5450,5340,1.95M,-0.92%
4/4/2019,5420,5400,5490,5390,1.83M,0.56%
4/5/2019,5420,5420,5500,5410,1.23M,0.00%
4/8/2019,5520,5420,5570,5400,4.28M,1.85%
4/9/2019,5410,5520,5540,5390,2.22M,-1.99%
4/10/2019,5240,5360,5400,5240,4.37M,-3.14%
4/11/2019,5220,5230,5300,5220,2.21M,-0.38%
4/12/2019,5270,5230,5290,5220,2.19M,0.96%
4/16/2019,5290,5220,5430,5120,4.13M,0.38%
4/17/2019,5380,5450,5600,5360,4.88M,1.70%
4/18/2019,5300,5380,5380,5240,2.38M,-1.49%
4/19/2019,5300,5320,5320,5250,1.64M,0.00%
4/22/2019,5310,5250,5360,5230,2.77M,0.19%
4/23/2019,5300,5310,5380,5300,1.80M,-0.19%
4/24/2019,5390,5300,5420,5300,4.28M,1.70%
4/25/2019,5550,5440,5640,5440,10.21M,2.97%
4/26/2019,5470,5470,5560,5420,3.49M,-1.44%
5/2/2019,5370,5480,5490,5340,2.17M,-1.83%
5/3/2019,5280,5330,5360,5270,2.78M,-1.68%
5/6/2019,5170,5250,5250,5140,3.88M,-2.08%
5/7/2019,5180,5200,5230,5160,1.32M,0.19%
5/8/2019,5110,5160,5180,5110,1.64M,-1.35%
5/9/2019,5060,5120,5160,5060,1.40M,-0.98%
5/10/2019,5090,5090,5180,5040,1.41M,0.59%
5/13/2019,5100,5060,5190,5060,1.62M,0.20%
5/14/2019,5090,5090,5150,5090,1.34M,-0.20%
5/15/2019,5140,5100,5160,5090,1.41M,0.98%
5/16/2019,5300,5160,5350,5160,3.23M,3.11%
5/17/2019,5200,5320,5340,5200,1.46M,-1.89%
5/20/2019,5160,5200,5200,5130,2.99M,-0.77%
5/21/2019,5150,5180,5190,5150,1.79M,-0.19%
5/22/2019,5160,5160,5230,5150,3.28M,0.19%
5/23/2019,5160,5200,5240,5160,1.14M,0.00%
5/24/2019,5160,5170,5190,5150,2.53M,0.00%
5/27/2019,5160,5160,5180,5130,1.53M,0.00%
5/28/2019,5160,5190,5210,5150,1.30M,0.00%
5/29/2019,5120,5150,5170,5110,1.42M,-0.78%
5/30/2019,5100,5130,5160,5100,1.55M,-0.39%
5/31/2019,5070,5100,5100,5050,1.78M,-0.59%
6/3/2019,5020,5070,5070,5000,2.85M,-0.99%
6/4/2019,4900,5050,5050,4900,1.97M,-2.39%
6/5/2019,4940,4950,4980,4900,1.26M,0.82%
6/6/2019,4910,4940,4980,4910,825.67K,-0.61%
6/7/2019,4980,4940,4980,4920,932.88K,1.43%
6/10/2019,5010,4990,5060,4980,708.29K,0.60%
6/11/2019,4990,5030,5080,4990,1.12M,-0.40%
6/12/2019,4950,5020,5020,4940,1.06M,-0.80%
6/13/2019,4970,4950,5040,4920,1.35M,0.40%
6/14/2019,4970,5000,5010,4950,599.98K,0.00%
6/17/2019,5000,4970,5000,4930,1.73M,0.60%
6/18/2019,4970,5000,5010,4950,658.68K,-0.60%
6/19/2019,5150,4990,5250,4990,5.74M,3.62%
6/20/2019,5130,5150,5210,5130,1.93M,-0.39%
6/21/2019,5090,5140,5140,5060,1.35M,-0.78%
6/24/2019,5110,5070,5210,5070,2.33M,0.39%
6/25/2019,5290,5150,5360,5140,6.86M,3.52%
6/26/2019,5300,5290,5360,5280,5.13M,0.19%
6/27/2019,5240,5310,5330,5210,3.38M,-1.13%
6/28/2019,5350,5240,5390,5160,3.75M,2.10%
7/1/2019,5320,5420,5450,5320,3.59M,-0.56%
7/2/2019,5330,5310,5350,5300,1.54M,0.19%
7/3/2019,5420,5320,5440,5310,4.89M,1.69%
7/4/2019,5470,5450,5600,5440,7.20M,0.92%
7/5/2019,5430,5500,5500,5430,2.08M,-0.73%
7/8/2019,5490,5410,5580,5400,6.55M,1.10%
7/9/2019,5610,5550,5680,5500,7.95M,2.19%
7/10/2019,5620,5600,5670,5530,3.30M,0.18%
7/11/2019,5700,5570,5750,5570,5.10M,1.42%
7/12/2019,5600,5700,5720,5600,3.47M,-1.75%
7/15/2019,5400,5600,5610,5400,6.16M,-3.57%
7/16/2019,5310,5410,5490,5300,5.76M,-1.67%
7/17/2019,5350,5310,5380,5310,1.63M,0.75%
7/18/2019,5380,5340,5420,5330,1.71M,0.56%
7/19/2019,5280,5380,5400,5220,3.01M,-1.86%
7/22/2019,5300,5260,5340,5170,3.06M,0.38%
7/23/2019,5260,5300,5350,5260,1.62M,-0.75%
7/24/2019,5240,5270,5310,5190,1.89M,-0.38%
7/25/2019,5210,5240,5260,5150,2.38M,-0.57%
7/26/2019,5140,5230,5230,5120,2.02M,-1.34%
7/29/2019,5080,5120,5150,5080,1.79M,-1.17%
7/30/2019,5230,5080,5280,5040,5.66M,2.95%
7/31/2019,5080,5060,5170,5060,3.57M,-2.87%
8/1/2019,4950,5110,5110,4950,4.21M,-2.56%
8/2/2019,4820,4900,4910,4800,4.56M,-2.63%
8/5/2019,5050,4770,5070,4660,5.30M,4.77%
8/6/2019,5020,4900,5150,4850,2.92M,-0.59%
8/7/2019,5000,5070,5070,4980,1.34M,-0.40%
8/8/2019,5010,4960,5050,4960,1.48M,0.20%
8/9/2019,5050,5050,5060,5010,1.86M,0.80%
8/12/2019,5050,5090,5130,5040,1.54M,0.00%
8/13/2019,4980,5030,5050,4980,2.21M,-1.39%
8/14/2019,5000,5000,5090,5000,1.89M,0.40%
8/15/2019,4920,4950,4960,4900,2.31M,-1.60%
8/16/2019,4900,4900,4940,4900,1.77M,-0.41%
8/19/2019,4790,4910,4950,4700,3.57M,-2.24%
8/20/2019,4880,4840,4880,4800,1.75M,1.88%
8/21/2019,4880,4890,4940,4870,816.14K,0.00%
8/22/2019,4880,4870,4920,4870,1.17M,0.00%
8/23/2019,4900,4890,4900,4780,2.02M,0.41%
8/26/2019,4810,4850,4850,4780,1.43M,-1.84%
8/27/2019,4810,4810,4860,4800,1.31M,0.00%
8/28/2019,4800,4800,4840,4800,1.09M,-0.21%
8/29/2019,4820,4810,4850,4810,1.09M,0.42%
8/30/2019,4860,4820,4910,4820,1.34M,0.83%
9/3/2019,4810,4860,4860,4810,1.43M,-1.03%
9/4/2019,4830,4810,4830,4790,1.40M,0.42%
9/5/2019,4810,4820,4850,4810,921.55K,-0.41%
9/6/2019,4770,4810,4850,4770,1.42M,-0.83%
9/9/2019,4790,4780,4840,4780,962.57K,0.42%
9/10/2019,4770,4800,4870,4770,1.70M,-0.42%
9/11/2019,4760,4790,4850,4760,760.73K,-0.21%
9/12/2019,4790,4800,4800,4710,1.22M,0.63%
9/13/2019,4700,4780,4790,4700,1.12M,-1.88%
9/16/2019,4600,4700,4700,4590,2.72M,-2.13%
9/17/2019,4490,4600,4600,4490,3.49M,-2.39%
9/18/2019,4540,4510,4600,4500,1.31M,1.11%
9/19/2019,4520,4550,4570,4500,866.41K,-0.44%
9/20/2019,4460,4530,4530,4460,2.01M,-1.33%
9/23/2019,4470,4460,4530,4460,884.70K,0.22%
9/24/2019,4560,4470,4690,4470,2.21M,2.01%
9/25/2019,4500,4580,4600,4500,929.13K,-1.32%
9/26/2019,4530,4540,4560,4480,620.62K,0.67%
9/27/2019,4500,4500,4550,4500,947.32K,-0.66%
9/30/2019,4490,4510,4530,4480,1.44M,-0.22%
10/1/2019,4550,4500,4550,4480,1.12M,1.34%
10/2/2019,4620,4610,4760,4610,3.44M,1.54%
10/3/2019,4640,4620,4700,4580,1.00M,0.43%
10/4/2019,4570,4640,4640,4550,987.53K,-1.51%
10/7/2019,4500,4520,4550,4490,1.12M,-1.53%
10/8/2019,4480,4500,4510,4470,1.06M,-0.44%
10/9/2019,4480,4480,4490,4450,1.29M,0.00%
10/10/2019,4460,4480,4490,4450,1.16M,-0.45%
10/11/2019,4460,4480,4480,4450,735.08K,0.00%
10/14/2019,4390,4460,4460,4390,2.79M,-1.57%
10/15/2019,4300,4400,4430,4300,2.79M,-2.05%
10/16/2019,4160,4300,4300,4160,3.38M,-3.26%
10/17/2019,4290,4140,4350,4140,1.90M,3.13%
10/18/2019,4340,4290,4410,4290,1.70M,1.17%
10/21/2019,4280,4340,4340,4280,948.96K,-1.38%
10/22/2019,4460,4280,4540,4280,2.16M,4.21%
10/23/2019,4370,4500,4500,4370,870.29K,-2.02%
10/24/2019,4430,4440,4440,4380,761.67K,1.37%
10/25/2019,4360,4430,4430,4360,1.35M,-1.58%
10/28/2019,4360,4370,4430,4330,1.49M,0.00%
10/29/2019,4300,4340,4400,4290,1.91M,-1.38%
10/30/2019,4290,4300,4320,4260,1.03M,-0.23%
10/31/2019,4220,4280,4290,4220,1.24M,-1.63%
11/1/2019,4230,4240,4280,4220,885.33K,0.24%
11/4/2019,4290,4230,4330,4220,1.53M,1.42%
11/5/2019,4240,4300,4310,4240,824.79K,-1.17%
11/6/2019,4150,4100,4190,4100,3.00M,-2.12%
11/7/2019,4150,4160,4210,4140,1.01M,0.00%
11/8/2019,4180,4150,4190,4130,838.67K,0.72%
11/11/2019,4170,4180,4180,4140,688.69K,-0.24%
11/12/2019,4140,4150,4180,4140,938.61K,-0.72%
11/13/2019,4070,4140,4160,4050,1.62M,-1.69%
11/14/2019,4080,4070,4100,4060,1.40M,0.25%
11/15/2019,4010,4100,4120,4010,1.49M,-1.72%
11/18/2019,3980,4040,4050,3980,1.31M,-0.75%
11/19/2019,4100,3990,4160,3990,1.91M,3.02%
11/20/2019,4050,4110,4120,4030,808.98K,-1.22%
11/21/2019,4050,4050,4050,4010,538.88K,0.00%
11/22/2019,4000,4010,4040,3980,1.55M,-1.23%
11/25/2019,3900,3990,4000,3900,2.05M,-2.50%
11/26/2019,3910,3900,3990,3880,821.33K,0.26%
11/27/2019,3960,3910,3960,3910,520.16K,1.28%
11/28/2019,3940,3960,3980,3940,618.98K,-0.51%
11/29/2019,3850,3940,3970,3850,1.55M,-2.28%
12/2/2019,3630,3890,3890,3620,3.85M,-5.71%
12/3/2019,3610,3650,3660,3610,1.48M,-0.55%
12/4/2019,3630,3630,3640,3590,965.62K,0.55%
12/5/2019,3700,3650,3700,3650,596.09K,1.93%
12/6/2019,3720,3700,3750,3700,720.93K,0.54%
12/9/2019,3860,3760,3910,3720,1.55M,3.76%
12/10/2019,3900,3860,3960,3860,1.57M,1.04%
12/11/2019,4040,3910,4040,3910,2.69M,3.59%
12/12/2019,3970,4060,4060,3950,1.07M,-1.73%
12/13/2019,3950,3970,4040,3900,1.62M,-0.50%
12/16/2019,3960,3990,4000,3880,2.12M,0.25%
12/17/2019,4030,3960,4100,3950,2.84M,1.77%
12/18/2019,4040,4080,4100,3990,1.11M,0.25%
12/19/2019,3950,3910,4020,3910,649.46K,-2.23%
12/20/2019,3960,3930,3970,3900,1.22M,0.25%
12/23/2019,4000,3960,4030,3930,1.68M,1.01%
12/24/2019,4010,4000,4010,3950,1.31M,0.25%
12/25/2019,3960,4010,4010,3960,938.47K,-1.25%
12/26/2019,4080,3950,4180,3950,3.84M,3.03%
12/27/2019,4050,4080,4170,4010,1.16M,-0.74%
12/30/2019,4020,4080,4080,3980,1.30M,-0.74%
12/31/2019,3980,4010,4010,3900,1.63M,-1.00%
1/2/2020,4050,3960,4050,3960,1.10M,1.76%
1/3/2020,4150,4070,4190,4050,3.76M,2.47%
1/6/2020,4090,4150,4150,4030,1.45M,-1.45%
1/7/2020,4110,4020,4110,4020,1.43M,0.49%
1/8/2020,3910,4060,4080,3910,2.57M,-4.87%
1/9/2020,4100,3990,4100,3960,1.32M,4.86%
1/10/2020,4080,4100,4110,4030,1.01M,-0.49%
1/13/2020,4000,4100,4100,3980,1.17M,-1.96%
1/14/2020,3940,4010,4030,3930,1.22M,-1.50%
1/15/2020,3900,3940,3990,3900,1.21M,-1.02%
1/16/2020,3840,3930,3950,3780,1.95M,-1.54%
1/17/2020,3880,3850,3910,3840,852.64K,1.04%
1/20/2020,3860,3840,3880,3840,470.69K,-0.52%
1/21/2020,3920,3860,3990,3860,800.99K,1.55%
1/22/2020,3980,4020,4020,3950,1.11M,1.53%
1/30/2020,3900,3990,3990,3870,2.01M,-2.01%
1/31/2020,3640,3860,3860,3640,3.00M,-6.67%
2/3/2020,3390,3390,3560,3390,4.43M,-6.87%
2/4/2020,3270,3400,3410,3200,2.53M,-3.54%
2/5/2020,3300,3170,3400,3170,1.29M,0.92%
2/6/2020,3530,3300,3530,3300,3.10M,6.97%
2/7/2020,3550,3590,3650,3530,1.29M,0.57%
2/10/2020,3440,3500,3550,3430,791.00K,-3.10%
2/11/2020,3450,3430,3470,3430,781.43K,0.29%
2/12/2020,3580,3500,3610,3460,1.52M,3.77%
2/13/2020,3500,3570,3580,3490,1.30M,-2.23%
2/14/2020,3490,3500,3540,3470,915.70K,-0.29%
2/17/2020,3480,3500,3510,3470,853.28K,-0.29%
2/18/2020,3500,3490,3500,3470,979.48K,0.57%
2/19/2020,3510,3500,3550,3500,1.02M,0.29%
2/20/2020,3490,3520,3550,3490,1.08M,-0.57%
2/21/2020,3440,3490,3500,3420,1.36M,-1.43%
2/24/2020,3200,3400,3400,3200,4.28M,-6.98%
2/25/2020,3350,3150,3350,3120,2.67M,4.69%
2/26/2020,3260,3300,3300,3250,1.07M,-2.69%
2/27/2020,3330,3230,3400,3230,1.52M,2.15%
2/28/2020,3270,3270,3310,3230,1.89M,-1.80%
3/2/2020,3270,3260,3300,3260,1.19M,0.00%
3/3/2020,3310,3300,3350,3300,1.64M,1.22%
3/4/2020,3520,3330,3540,3290,6.20M,6.34%
3/5/2020,3480,3540,3600,3470,2.06M,-1.14%
3/6/2020,3490,3420,3500,3420,1.28M,0.29%
3/9/2020,3250,3250,3450,3250,3.46M,-6.88%
3/10/2020,3260,3100,3350,3100,2.07M,0.31%
3/11/2020,3180,3370,3370,3150,3.34M,-2.45%
3/12/2020,3100,3110,3130,2970,6.90M,-2.52%
3/13/2020,3090,3010,3100,2980,6.24M,-0.32%
3/16/2020,3030,3090,3100,3000,1.56M,-1.94%
3/17/2020,3020,3000,3030,2980,2.54M,-0.33%
3/18/2020,3030,3080,3120,3030,2.43M,0.33%
3/19/2020,2980,3030,3030,2910,2.82M,-1.65%
3/20/2020,2940,2930,2990,2930,883.78K,-1.34%
3/23/2020,2740,2880,2900,2740,5.12M,-6.80%
3/24/2020,2720,2740,2740,2600,2.85M,-0.73%
3/25/2020,2710,2750,2780,2690,2.01M,-0.37%
3/26/2020,2680,2730,2780,2660,2.13M,-1.11%
3/27/2020,2660,2680,2700,2600,4.17M,-0.75%
3/30/2020,2550,2550,2650,2480,3.62M,-4.14%
3/31/2020,2550,2550,2630,2400,2.58M,0.00%
4/1/2020,2690,2450,2700,2450,2.05M,5.49%
4/3/2020,2810,2710,2830,2710,2.12M,4.46%
4/6/2020,3000,2900,3000,2820,4.51M,6.76%
4/7/2020,3100,3120,3130,2980,4.34M,3.33%
4/8/2020,3200,3150,3200,2980,3.67M,3.23%
4/9/2020,3200,3220,3250,3150,3.07M,0.00%
4/10/2020,3140,3190,3200,3120,4.43M,-1.88%
4/13/2020,3130,3140,3150,3030,2.98M,-0.32%
4/14/2020,3070,3100,3140,3040,2.09M,-1.92%
4/15/2020,3110,3070,3190,3060,3.22M,1.30%
4/16/2020,3170,3100,3190,3100,1.90M,1.93%
4/17/2020,3170,3160,3200,3160,2.25M,0.00%
4/20/2020,3170,3200,3250,3170,4.68M,0.00%
4/21/2020,3120,3110,3170,3070,4.87M,-1.58%
4/22/2020,3120,3090,3170,3090,1.39M,0.00%
4/23/2020,3160,3120,3190,3120,1.46M,1.28%
4/24/2020,3380,3160,3380,3130,11.27M,6.96%
4/27/2020,3500,3590,3600,3460,4.28M,3.55%
4/28/2020,3640,3470,3690,3420,2.89M,4.00%
4/29/2020,3600,3560,3680,3540,4.37M,-1.10%
5/4/2020,3400,3570,3600,3400,5.10M,-5.56%
5/5/2020,3460,3400,3490,3390,1.74M,1.76%
5/6/2020,3540,3500,3570,3450,1.71M,2.31%
5/7/2020,3550,3540,3610,3500,1.94M,0.28%
5/8/2020,3520,3600,3600,3500,5.53M,-0.85%
5/11/2020,3760,3520,3760,3510,4.43M,6.82%
5/12/2020,3850,3910,3960,3720,5.67M,2.39%
5/13/2020,3860,3830,3930,3780,3.32M,0.26%
5/14/2020,3800,3800,3880,3770,4.19M,-1.55%
5/15/2020,3880,3900,3940,3810,3.91M,2.11%
5/18/2020,3860,3880,3910,3850,1.67M,-0.52%
5/19/2020,3890,3910,3920,3850,4.02M,0.78%
5/20/2020,4160,3900,4160,3870,7.29M,6.94%
5/21/2020,4140,4200,4350,4130,3.77M,-0.48%
5/22/2020,4150,4130,4240,4070,3.16M,0.24%
5/25/2020,4160,4150,4190,4100,2.02M,0.24%
5/26/2020,4230,4170,4310,4160,3.52M,1.68%
5/27/2020,4170,4230,4300,4140,4.78M,-1.42%
5/28/2020,4270,4170,4270,4170,4.35M,2.40%
5/29/2020,4560,4260,4560,4230,8.19M,6.79%
6/1/2020,4870,4790,4870,4660,3.52M,6.80%
6/2/2020,4800,5210,5210,4800,18.99M,-1.44%
6/3/2020,4750,4800,5000,4650,7.85M,-1.04%
6/4/2020,5080,4750,5080,4730,11.39M,6.95%
6/5/2020,5420,5100,5420,4980,9.68M,6.69%
6/8/2020,5750,5500,5760,5480,11.77M,6.09%
6/9/2020,5650,5730,5820,5500,12.72M,-1.74%
6/10/2020,5800,5540,6000,5460,12.23M,2.65%
6/11/2020,5400,5850,5850,5400,11.59M,-6.90%
6/12/2020,5200,5030,5360,5030,11.66M,-3.70%
6/15/2020,4900,5300,5310,4850,9.36M,-5.77%
6/16/2020,5190,5000,5200,4990,5.40M,5.92%
6/17/2020,5090,5230,5230,4990,3.57M,-1.93%
6/18/2020,4970,5000,5060,4940,3.83M,-2.36%
6/19/2020,5230,4930,5310,4930,7.30M,5.23%
6/22/2020,5190,5260,5380,5190,3.85M,-0.76%
6/23/2020,5300,5200,5350,5190,5.89M,2.12%
6/24/2020,5220,5280,5350,5170,6.30M,-1.51%
6/25/2020,5200,5150,5200,5080,2.79M,-0.38%
6/26/2020,5110,5250,5320,5100,4.02M,-1.73%
6/29/2020,5200,5110,5380,5050,6.81M,1.76%
6/30/2020,5200,5200,5300,5040,3.99M,0.00%
7/1/2020,5230,5230,5270,5160,2.45M,0.58%
7/2/2020,5230,5230,5260,5170,2.71M,0.00%
7/3/2020,5200,5250,5250,5200,2.20M,-0.57%
7/6/2020,5150,5200,5210,5100,3.35M,-0.96%
7/7/2020,5020,5110,5170,4900,6.39M,-2.52%
7/8/2020,5000,4990,5060,4950,3.47M,-0.40%
7/9/2020,5000,5000,5100,4990,4.26M,0.00%
7/10/2020,5050,5020,5180,5010,5.89M,1.00%
7/13/2020,5080,5100,5130,5010,2.08M,0.59%
7/14/2020,4890,5060,5060,4840,9.51M,-3.74%
7/15/2020,4650,4900,4950,4650,12.49M,-4.91%
7/16/2020,4680,4680,4750,4650,2.71M,0.65%
7/17/2020,4580,4680,4680,4360,12.55M,-2.14%
7/20/2020,4370,4550,4550,4350,3.21M,-4.59%
7/21/2020,4470,4400,4520,4370,3.01M,2.29%
7/22/2020,4300,4470,4500,4260,6.40M,-3.80%
7/23/2020,4330,4300,4330,4110,4.22M,0.70%
7/24/2020,4030,4210,4330,4030,8.59M,-6.93%
7/27/2020,3750,3750,3850,3750,7.99M,-6.95%
7/28/2020,3860,3600,3960,3600,8.79M,2.93%
7/29/2020,3740,3730,3780,3590,7.94M,-3.11%
7/30/2020,3730,3740,3760,3690,2.25M,-0.27%
7/31/2020,3800,3600,3830,3580,4.82M,1.88%
8/3/2020,3870,3860,3960,3790,6.50M,1.84%
8/4/2020,3870,3900,3940,3840,6.11M,0.00%
8/5/2020,3930,3890,3940,3840,4.05M,1.55%
8/6/2020,4110,3930,4150,3870,7.52M,4.58%
8/7/2020,4060,4110,4180,4030,4.49M,-1.22%
8/10/2020,4050,4010,4120,3990,5.84M,-0.25%
8/11/2020,4050,4050,4090,3960,4.66M,0.00%
8/12/2020,4020,4040,4050,3980,2.37M,-0.74%
8/13/2020,4120,4030,4160,4010,4.09M,2.49%
8/14/2020,4050,4120,4140,4020,3.21M,-1.70%
8/17/2020,4010,4040,4050,3970,2.54M,-0.99%
8/18/2020,4010,4000,4060,3970,2.63M,0.00%
8/19/2020,4290,4010,4290,3990,10.23M,6.98%
8/20/2020,4260,4300,4450,4230,7.54M,-0.70%
8/21/2020,4280,4280,4320,4240,2.08M,0.47%
8/24/2020,4280,4280,4300,4170,7.25M,0.00%
8/25/2020,4210,4280,4300,4210,6.15M,-1.64%
8/26/2020,4200,4210,4290,4170,5.81M,-0.24%
8/27/2020,4340,4190,4410,4160,7.98M,3.33%
8/28/2020,4250,4370,4410,4250,3.62M,-2.07%
8/31/2020,4260,4380,4380,4250,5.84M,0.24%
9/1/2020,4330,4260,4370,4230,7.00M,1.64%
9/3/2020,4310,4350,4390,4280,3.29M,-0.46%
9/4/2020,4350,4200,4390,4200,7.95M,0.93%
9/7/2020,4600,4370,4650,4370,24.34M,5.75%
9/8/2020,4610,4660,4700,4500,7.47M,0.22%
9/9/2020,4830,4520,4900,4520,10.19M,4.77%
9/10/2020,4790,4850,4890,4750,8.37M,-0.83%
9/11/2020,4900,4760,4930,4740,8.52M,2.30%
9/14/2020,4870,4910,4930,4850,5.77M,-0.61%
9/15/2020,4670,4930,4930,4670,8.61M,-4.11%
9/16/2020,4630,4680,4750,4610,5.51M,-0.86%
9/17/2020,4720,4630,4780,4620,6.46M,1.94%
9/18/2020,4640,4720,4750,4620,6.11M,-1.69%
9/21/2020,4590,4650,4680,4560,6.46M,-1.08%
9/22/2020,4550,4560,4580,4470,10.54M,-0.87%
9/23/2020,4600,4550,4670,4550,3.05M,1.10%
9/24/2020,4600,4600,4660,4570,3.86M,0.00%
9/25/2020,4570,4610,4610,4540,3.47M,-0.65%
9/28/2020,4570,4570,4600,4520,4.20M,0.00%
9/29/2020,4560,4610,4620,4400,8.27M,-0.22%
9/30/2020,4560,4560,4600,4500,2.10M,0.00%
10/1/2020,4550,4580,4580,4510,2.10M,-0.22%
10/2/2020,4540,4510,4580,4440,4.82M,-0.22%
10/5/2020,4710,4540,4750,4510,9.35M,3.74%
10/6/2020,4690,4750,4750,4570,5.20M,-0.42%
10/7/2020,4850,4680,4930,4620,12.59M,3.41%
10/8/2020,4800,4850,4930,4750,8.82M,-1.03%
10/9/2020,4680,4790,4800,4600,4.81M,-2.50%
10/12/2020,4500,4700,4720,4500,8.23M,-3.85%
10/13/2020,4640,4520,4670,4490,8.36M,3.11%
10/14/2020,4960,4960,4960,4960,5.65M,6.90%
10/15/2020,5030,5300,5300,4990,32.37M,1.41%
10/16/2020,4900,5010,5050,4900,7.87M,-2.58%
10/19/2020,4910,4910,5010,4840,9.81M,0.20%
10/20/2020,4850,4870,4950,4800,6.86M,-1.22%
10/21/2020,4750,4850,4900,4750,5.35M,-2.06%
10/22/2020,4720,4750,4770,4670,6.07M,-0.63%
10/23/2020,4870,4730,4970,4730,7.04M,3.18%
10/26/2020,4780,4940,4940,4780,5.65M,-1.85%
10/27/2020,4650,4710,4770,4650,5.18M,-2.72%
10/28/2020,4500,4630,4680,4500,7.89M,-3.23%
10/29/2020,4450,4470,4500,4440,5.55M,-1.11%
10/30/2020,4540,4700,4700,4450,5.75M,2.02%
11/2/2020,4650,4540,4650,4460,5.19M,2.42%
11/3/2020,4600,4650,4660,4570,3.04M,-1.08%
11/4/2020,4620,4560,4630,4560,2.77M,0.43%
11/5/2020,4600,4600,4610,4550,2.96M,-0.43%
11/6/2020,4570,4590,4610,4540,1.70M,-0.65%
11/9/2020,4560,4570,4600,4530,6.59M,-0.22%
11/10/2020,4520,4610,4610,4500,4.57M,-0.88%
11/11/2020,4470,4490,4580,4470,5.22M,-1.11%
11/12/2020,4460,4470,4490,4290,8.24M,-0.22%
11/13/2020,4530,4450,4550,4400,3.06M,1.57%
11/16/2020,4530,4540,4570,4450,4.07M,0.00%
11/17/2020,4540,4500,4570,4480,3.24M,0.22%
11/18/2020,4480,4530,4540,4470,4.61M,-1.32%
11/19/2020,4420,4500,4500,4410,4.66M,-1.34%
11/20/2020,4550,4420,4550,4420,8.51M,2.94%
11/23/2020,4500,4700,4700,4500,10.76M,-1.10%
11/24/2020,4450,4500,4530,4400,7.24M,-1.11%
11/25/2020,4580,4450,4680,4430,12.10M,2.92%
11/26/2020,4770,4600,4790,4550,18.02M,4.15%
11/27/2020,4650,4740,4780,4650,7.05M,-2.52%
11/30/2020,4520,4700,4700,4520,10.42M,-2.80%
12/1/2020,4590,4460,4660,4450,16.27M,1.55%
12/2/2020,4530,4590,4640,4530,6.41M,-1.31%
12/3/2020,4540,4540,4600,4500,7.26M,0.22%
12/4/2020,4690,4590,4790,4550,16.83M,3.30%
12/7/2020,4760,4690,4850,4670,12.21M,1.49%
12/8/2020,4690,4760,4770,4650,7.45M,-1.47%
12/9/2020,4680,4700,4730,4650,8.49M,-0.21%
12/10/2020,4740,4820,4950,4740,19.05M,1.28%
12/11/2020,4730,4760,4790,4680,3.99M,-0.21%
12/14/2020,4810,4740,4830,4700,9.97M,1.69%
12/15/2020,4950,4820,5100,4760,30.07M,2.91%
12/16/2020,5200,5050,5200,5000,20.46M,5.05%
12/17/2020,5150,5100,5390,5100,15.62M,-0.96%
12/18/2020,5190,5150,5270,5100,12.69M,0.78%
12/21/2020,5330,5250,5400,5100,20.72M,2.70%
12/22/2020,5370,5320,5390,5250,10.90M,0.75%
12/23/2020,5200,5500,5500,5200,14.61M,-3.17%
12/24/2020,5130,5200,5250,4900,17.90M,-1.35%
12/25/2020,5200,5130,5240,5060,10.31M,1.36%
12/28/2020,5410,5240,5550,5180,23.36M,4.04%
12/29/2020,5460,5400,5550,5320,14.55M,0.92%
12/30/2020,5280,5490,5500,5280,10.74M,-3.30%
12/31/2020,5250,5300,5340,5200,10.76M,-0.57%
1/4/2021,5290,5280,5400,5230,10.40M,0.76%
1/5/2021,5360,5290,5400,5250,10.13M,1.32%
1/6/2021,5280,5370,5400,5260,11.94M,-1.49%
1/7/2021,5640,5490,5640,5400,16.56M,6.82%
1/8/2021,6030,6030,6030,5930,40.59M,6.91%
1/11/2021,6360,6030,6400,6030,30.20M,5.47%
1/12/2021,6270,6360,6360,6100,15.00M,-1.42%
1/13/2021,6000,6200,6260,5980,29.42M,-4.31%
1/14/2021,6070,6000,6120,5970,21.10M,1.17%
1/15/2021,6390,6110,6450,6100,20.93M,5.27%
1/18/2021,6300,6400,6410,6260,17.33M,-1.41%
1/19/2021,5860,6290,6290,5860,17.96M,-6.98%
1/20/2021,5700,5730,5800,5450,21.97M,-2.73%
1/21/2021,6000,5800,6030,5680,10.89M,5.26%
1/22/2021,5800,6000,6070,5780,12.36M,-3.33%
1/25/2021,5830,5780,6010,5700,9.53M,0.52%
1/26/2021,5530,5820,5830,5430,16.23M,-5.15%
1/27/2021,5150,5410,5520,5150,16.17M,-6.87%
1/28/2021,4790,4790,4960,4790,12.25M,-6.99%
1/29/2021,4830,4480,5020,4480,11.36M,0.84%
2/1/2021,4500,4620,4800,4500,14.22M,-6.83%
2/2/2021,4260,4400,4400,4190,9.41M,-5.33%
2/3/2021,4450,4350,4470,4290,7.84M,4.46%
2/4/2021,4460,4550,4580,4440,6.45M,0.22%
2/5/2021,4560,4490,4560,4460,5.95M,2.24%
2/8/2021,4330,4560,4590,4250,8.49M,-5.04%
2/9/2021,4560,4330,4600,4270,6.05M,5.31%
2/17/2021,4830,4630,4830,4560,6.83M,5.92%
2/18/2021,4850,4850,4940,4700,7.63M,0.41%
2/19/2021,4810,4800,4880,4750,4.90M,-0.82%
2/22/2021,4790,4810,4860,4760,6.20M,-0.42%
2/23/2021,4680,4780,4780,4640,9.81M,-2.30%
2/24/2021,4620,4640,4730,4540,6.10M,-1.28%
2/25/2021,4600,4640,4650,4510,5.76M,-0.43%
2/26/2021,4700,4550,4790,4500,5.01M,2.17%
3/1/2021,4700,4670,4710,4610,4.05M,0.00%
3/2/2021,4710,4720,4740,4680,4.82M,0.21%
3/3/2021,4830,4710,4850,4680,5.16M,2.55%
3/4/2021,4800,4860,5000,4700,10.40M,-0.62%
3/5/2021,4840,4800,4860,4700,4.03M,0.83%
3/8/2021,4850,4900,4900,4800,6.17M,0.21%
3/9/2021,5000,4850,5100,4800,11.84M,3.09%
3/10/2021,5140,5000,5160,5000,10.23M,2.80%
3/11/2021,5110,5150,5190,5100,7.44M,-0.58%
3/12/2021,5060,5100,5110,5030,9.47M,-0.98%
3/15/2021,5240,5100,5350,5060,11.48M,3.56%
3/16/2021,5230,5280,5280,5150,7.63M,-0.19%
3/17/2021,5220,5230,5400,5180,7.74M,-0.19%
3/18/2021,5220,5250,5260,5200,5.83M,0.00%
3/19/2021,5190,5200,5220,5110,6.04M,-0.57%
3/22/2021,5260,5200,5320,5170,7.19M,1.35%
3/23/2021,5230,5220,5270,5210,6.37M,-0.57%
3/24/2021,5190,5200,5230,5100,6.59M,-0.76%
3/25/2021,5150,5190,5220,5100,5.75M,-0.77%
3/26/2021,5130,5100,5150,4900,7.36M,-0.39%
3/29/2021,5480,5150,5480,5000,14.08M,6.82%
3/30/2021,5590,5630,5800,5510,9.72M,2.01%
3/31/2021,5550,5580,5650,5500,6.96M,-0.72%
4/1/2021,5580,5500,5660,5500,6.14M,0.54%
4/2/2021,5660,5600,5750,5580,7.96M,1.43%
4/5/2021,5660,5750,5750,5630,7.70M,0.00%
4/6/2021,5660,5660,5700,5610,7.44M,0.00%
4/7/2021,5720,5660,5830,5630,9.22M,1.06%
4/8/2021,5740,5800,5800,5690,7.68M,0.35%
4/9/2021,5830,5750,5900,5720,9.04M,1.57%
4/12/2021,6230,5830,6230,5830,27.45M,6.86%
4/13/2021,6090,6300,6300,6010,18.31M,-2.25%
4/14/2021,6050,6000,6320,5960,18.95M,-0.66%
4/15/2021,6090,6120,6230,6050,16.07M,0.66%
4/16/2021,5990,6080,6140,5780,15.60M,-1.64%
4/19/2021,5920,6000,6000,5700,12.10M,-1.17%
4/20/2021,5810,5810,5920,5800,10.23M,-1.86%
4/22/2021,5410,5410,5410,5410,19.22M,-6.88%
4/23/2021,5040,5040,5040,5040,12.46M,-6.84%
4/26/2021,5330,5200,5360,5060,23.73M,5.75%
4/27/2021,5300,5300,5430,5230,5.58M,-0.56%
4/28/2021,5400,5240,5400,5190,5.14M,1.89%
4/29/2021,5440,5400,5600,5300,5.46M,0.74%
5/4/2021,5280,5200,5350,5060,8.04M,-2.94%
5/5/2021,5360,5200,5360,5190,6.53M,1.52%
5/6/2021,5360,5360,5380,5250,5.11M,0.00%
5/7/2021,5300,5360,5360,5220,7.67M,-1.12%
5/10/2021,5250,5200,5290,5200,8.71M,-0.94%
5/11/2021,5240,5210,5310,5190,4.43M,-0.19%
5/12/2021,5600,5240,5600,5200,9.45M,6.87%
5/13/2021,5580,5650,5750,5560,7.84M,-0.36%
5/14/2021,5570,5570,5650,5510,4.01M,-0.18%
5/17/2021,5410,5500,5600,5400,5.26M,-2.87%
5/18/2021,5290,5320,5350,5270,2.42M,-2.22%
5/19/2021,5250,5290,5370,5250,3.03M,-0.76%
5/20/2021,5180,5250,5250,5180,2.86M,-1.33%
5/21/2021,5240,5130,5360,5130,1.96M,1.16%
5/24/2021,5220,5240,5340,5220,1.96M,-0.38%
5/25/2021,5250,5280,5300,5200,3.21M,0.57%
5/26/2021,5350,5250,5530,5180,4.89M,1.90%
5/27/2021,5200,5350,5370,5180,2.26M,-2.80%
5/28/2021,5220,5150,5250,5150,3.37M,0.38%
5/31/2021,5130,5180,5200,5130,3.40M,-1.72%
6/1/2021,5110,5120,5160,5100,2.76M,-0.39%
6/2/2021,5210,5060,5250,5060,3.12M,1.96%
6/3/2021,5260,5210,5310,5210,4.55M,0.96%
6/4/2021,5280,5400,5450,5260,6.07M,0.38%
6/7/2021,5380,5200,5390,5180,4.26M,1.89%
6/8/2021,5460,5450,5600,5300,9.84M,1.49%
6/9/2021,5490,5410,5490,5350,4.54M,0.55%
6/10/2021,5500,5490,5650,5430,5.72M,0.18%
6/11/2021,5490,5490,5580,5460,3.01M,-0.18%
6/14/2021,5720,5600,5800,5560,8.09M,4.19%
6/15/2021,6010,5790,6090,5710,11.08M,5.07%
6/16/2021,6020,6000,6050,5800,8.71M,0.17%
6/17/2021,6000,5950,6030,5910,4.90M,-0.33%
6/18/2021,6050,6100,6150,5950,6.91M,0.83%
6/21/2021,6200,6050,6340,5980,12.33M,2.48%
6/22/2021,6160,6200,6300,6140,8.54M,-0.65%
6/23/2021,6110,6140,6200,6060,7.82M,-0.81%
6/24/2021,6010,6100,6110,5990,5.69M,-1.64%
6/25/2021,6000,5950,6090,5950,3.21M,-0.17%
6/28/2021,6010,6000,6100,6000,2.96M,0.17%
6/29/2021,6040,6010,6040,5960,4.97M,0.50%
6/30/2021,5900,5920,6020,5900,2.47M,-2.32%
7/1/2021,5800,5900,5910,5780,5.29M,-1.69%
7/2/2021,5750,5820,5840,5720,3.78M,-0.86%
7/5/2021,5550,5700,5750,5510,4.24M,-3.48%
7/6/2021,5330,5490,5670,5330,2.64M,-3.96%
7/7/2021,5200,5340,5400,5200,3.97M,-2.44%
7/8/2021,5340,5200,5420,5200,2.93M,2.69%
7/9/2021,5220,5350,5400,5200,1.74M,-2.25%
7/12/2021,4860,5200,5200,4860,5.32M,-6.90%
7/13/2021,5100,4900,5100,4800,2.13M,4.94%
7/14/2021,5100,5180,5180,4980,1.67M,0.00%
7/15/2021,5110,5050,5160,5000,928.70K,0.20%
7/16/2021,5090,5110,5150,5060,1.75M,-0.39%
7/19/2021,4910,4950,5000,4780,2.62M,-3.54%
7/20/2021,4960,4850,4960,4790,1.23M,1.02%
7/21/2021,4950,4960,4990,4880,1.07M,-0.20%
7/22/2021,5050,4940,5100,4870,1.95M,2.02%
7/23/2021,4900,5050,5050,4900,1.15M,-2.97%
7/26/2021,4780,4560,4900,4560,9.90M,-2.45%
7/27/2021,5000,5000,5080,4850,3.47M,4.60%
7/28/2021,5000,5070,5140,4980,2.52M,0.00%
7/29/2021,5040,4990,5070,4970,2.71M,0.80%
7/30/2021,5010,5040,5050,5000,1.96M,-0.60%
8/2/2021,5040,5010,5150,4990,3.18M,0.60%
8/3/2021,5090,5050,5120,5040,2.49M,0.99%
8/4/2021,5150,5110,5300,5090,4.02M,1.18%
8/5/2021,5460,5290,5480,5200,4.54M,6.02%
8/6/2021,5450,5500,5600,5370,4.26M,-0.18%
8/9/2021,5400,5390,5450,5310,3.37M,-0.92%
8/10/2021,5390,5400,5410,5350,4.44M,-0.19%
8/11/2021,5360,5350,5400,5350,3.12M,-0.56%
8/12/2021,5250,5320,5360,5250,3.07M,-2.05%
8/13/2021,5200,5250,5320,5100,2.47M,-0.95%
8/16/2021,5160,5200,5250,5120,4.07M,-0.77%
8/17/2021,5270,5160,5300,5160,4.44M,2.13%
8/18/2021,5250,5250,5350,5230,2.03M,-0.38%
8/19/2021,5110,5230,5250,5110,3.90M,-2.67%
8/20/2021,5110,5110,5150,4950,5.32M,0.00%
8/23/2021,5000,5050,5110,4950,2.38M,-2.15%
8/24/2021,5000,5000,5110,4970,1.96M,0.00%
8/25/2021,5000,5000,5030,4970,1.59M,0.00%
8/26/2021,5020,5020,5090,4980,1.78M,0.40%
8/27/2021,5050,5030,5050,4990,2.40M,0.60%
8/30/2021,5050,5050,5080,5020,2.37M,0.00%
8/31/2021,5100,5050,5180,5030,2.46M,0.99%
9/1/2021,5130,5100,5200,5070,2.25M,0.59%
9/6/2021,5180,5130,5260,5080,3.92M,0.97%
9/7/2021,5100,5200,5210,5050,2.36M,-1.54%
9/8/2021,5040,5070,5090,4960,2.63M,-1.18%
9/9/2021,5070,5020,5070,4950,3.15M,0.60%
9/10/2021,4980,4950,5050,4940,3.30M,-1.78%
9/13/2021,5100,4990,5100,4950,6.18M,2.41%
9/14/2021,5010,5080,5090,5000,2.16M,-1.76%
9/15/2021,5010,5020,5040,4990,2.72M,0.00%
9/16/2021,5000,5000,5020,4970,3.23M,-0.20%
9/17/2021,5150,5000,5290,5000,7.02M,3.00%
9/20/2021,5200,5200,5330,5130,7.55M,0.97%
9/21/2021,5130,5100,5180,5070,4.17M,-1.35%
9/22/2021,5480,5200,5480,5200,20.85M,6.82%
9/23/2021,5240,5600,5640,5200,10.40M,-4.38%
9/24/2021,5240,5310,5340,5220,3.78M,0.00%
9/27/2021,5010,5210,5220,5010,7.77M,-4.39%
9/28/2021,5060,4970,5090,4970,4.07M,1.00%
9/29/2021,5070,5090,5160,5020,4.80M,0.20%
9/30/2021,5060,5080,5130,5050,3.29M,-0.20%
10/1/2021,5000,5020,5090,5000,3.52M,-1.19%
10/4/2021,5000,5010,5060,4980,3.23M,0.00%
10/5/2021,5010,5030,5040,4990,2.70M,0.20%
10/6/2021,5030,5000,5100,5000,5.93M,0.40%
10/7/2021,5040,5040,5080,5030,3.99M,0.20%
10/8/2021,5090,5050,5200,5040,4.82M,0.99%
10/11/2021,5040,5120,5130,5040,6.59M,-0.98%
10/12/2021,5020,5040,5080,5000,5.80M,-0.40%
10/13/2021,5040,5010,5070,5010,4.71M,0.40%
10/14/2021,5200,5030,5280,5030,13.60M,3.17%
10/15/2021,5100,5200,5240,5080,3.93M,-1.92%
10/18/2021,5070,5160,5160,5070,2.86M,-0.59%
10/19/2021,5040,5070,5100,5040,4.81M,-0.59%
10/20/2021,5040,5040,5080,5020,6.18M,0.00%
10/21/2021,5080,5060,5150,5040,7.12M,0.79%
10/22/2021,5050,5080,5120,5040,6.20M,-0.59%
10/25/2021,5050,5060,5080,5040,12.02M,0.00%
10/26/2021,5030,5060,5080,5020,7.72M,-0.40%
10/27/2021,5040,5050,5060,5020,9.48M,0.20%
10/28/2021,5160,5050,5270,5050,20.26M,2.38%
10/29/2021,5150,5240,5240,5140,9.10M,-0.19%
11/1/2021,5510,5400,5510,5330,29.93M,6.99%
11/2/2021,5560,5700,5750,5550,25.67M,0.91%
11/3/2021,5360,5640,5650,5350,20.02M,-3.60%
11/4/2021,5370,5350,5450,5250,12.48M,0.19%
11/5/2021,5740,5500,5740,5480,33.02M,6.89%
11/8/2021,6140,6140,6140,6000,23.88M,6.97%
11/9/2021,6560,6530,6560,6220,45.01M,6.84%
11/10/2021,6700,6560,6890,6450,26.08M,2.13%
11/11/2021,7130,6690,7160,6560,38.79M,6.42%
11/12/2021,7620,7010,7620,7010,42.28M,6.87%
11/15/2021,8150,7980,8150,7700,34.54M,6.96%
11/16/2021,8280,8000,8620,7700,36.39M,1.60%
11/17/2021,8200,8140,8500,7990,30.65M,-0.97%
11/18/2021,8610,8200,8690,8110,26.43M,5.00%
11/19/2021,8010,8700,8850,8010,36.24M,-6.97%
11/22/2021,7450,7800,7980,7450,39.90M,-6.99%
11/23/2021,7150,6930,7320,6930,35.57M,-4.03%
11/24/2021,7060,7340,7590,7000,17.66M,-1.26%
11/25/2021,7500,7000,7500,6700,24.16M,6.23%
11/26/2021,7200,7780,7780,7190,19.83M,-4.00%
11/29/2021,7700,6900,7700,6900,18.01M,6.94%
11/30/2021,8230,8230,8230,8000,39.20M,6.88%
12/1/2021,8700,8300,8750,8250,31.90M,5.71%
12/2/2021,8800,8780,9150,8710,24.74M,1.15%
12/3/2021,8800,8600,9200,8280,38.15M,0.00%
12/6/2021,8630,9000,9050,8500,27.81M,-1.93%
12/7/2021,9230,8780,9230,8660,36.51M,6.95%
12/8/2021,9870,9800,9870,9600,38.30M,6.93%
12/9/2021,10200,9700,10550,9650,48.78M,3.34%
12/10/2021,10550,10000,10800,9880,30.82M,3.43%
12/13/2021,11250,10900,11250,10550,16.54M,6.64%
12/14/2021,12000,11800,12000,11350,57.95M,6.67%
12/15/2021,12200,12000,12750,11550,38.32M,1.67%
12/16/2021,13050,12100,13050,11800,26.52M,6.97%
12/17/2021,12150,13100,13800,12150,34.73M,-6.90%
12/20/2021,12750,11500,12750,11450,48.86M,4.94%
12/21/2021,13600,13000,13600,12750,30.25M,6.67%
12/22/2021,14500,14000,14550,13800,27.61M,6.62%
12/23/2021,14900,14450,15350,13900,45.36M,2.76%
12/24/2021,14200,15000,15350,14000,29.46M,-4.70%
12/27/2021,14500,14200,14700,13800,24.04M,2.11%
12/28/2021,13550,14450,14800,13550,49.66M,-6.55%
12/29/2021,14450,13750,14450,13550,30.45M,6.64%
12/30/2021,14250,14550,15100,14000,16.19M,-1.38%
12/31/2021,13300,14050,14250,13300,43.16M,-6.67%
1/4/2022,13000,13450,13750,12800,33.64M,-2.26%
1/5/2022,13900,13050,13900,12800,32.90M,6.92%
1/6/2022,14200,14200,14600,14000,23.99M,2.16%
1/7/2022,14300,14000,14600,14000,31.56M,0.70%
1/10/2022,15300,14600,15300,14250,62.24M,6.99%
1/11/2022,15250,15700,16200,15000,26.73M,-0.33%
1/12/2022,14850,15250,15750,14200,41.42M,-2.62%
1/13/2022,14000,14600,15100,13850,51.22M,-5.72%
1/14/2022,14950,13200,14950,13200,21.66M,6.79%
1/17/2022,15650,15950,15950,14800,44.24M,4.68%
1/18/2022,14900,15300,15750,14600,21.90M,-4.79%
1/19/2022,13900,15200,15300,13900,24.80M,-6.71%
1/20/2022,13400,13500,14250,12950,31.63M,-3.60%
1/21/2022,13650,13550,14200,13300,15.44M,1.87%
1/24/2022,12700,13600,13600,12700,31.14M,-6.96%
1/25/2022,11850,12000,12500,11850,37.25M,-6.69%
1/26/2022,12650,11650,12650,11100,31.96M,6.75%
1/27/2022,12650,12900,13300,12650,8.09M,0.00%
1/28/2022,11800,11800,12250,11800,38.89M,-6.72%
2/7/2022,11800,12550,12550,11800,14.26M,0.00%
2/8/2022,12200,11800,12300,11600,9.47M,3.39%
2/9/2022,12450,12200,12600,11900,11.64M,2.05%
2/10/2022,12650,12450,12950,12300,15.52M,1.61%
2/11/2022,12400,12500,13000,12350,12.23M,-1.98%
2/14/2022,11550,11550,11800,11550,11.25M,-6.85%
2/15/2022,11650,10750,12300,10750,38.59M,0.87%
2/16/2022,11100,11900,12000,11050,14.09M,-4.72%
2/17/2022,11150,11050,11300,10650,13.44M,0.45%
2/18/2022,11000,10800,11700,10800,17.31M,-1.35%
2/21/2022,11300,11000,11400,10850,12.21M,2.73%
2/22/2022,11500,11000,11700,11000,16.87M,1.77%
2/23/2022,11250,11500,11800,11200,11.98M,-2.17%
2/24/2022,10500,11150,11250,10500,37.19M,-6.67%
2/25/2022,10200,10550,10750,10100,21.35M,-2.86%
2/28/2022,10250,10500,10700,10150,17.11M,0.49%
3/1/2022,10950,10300,10950,10250,16.66M,6.83%
3/2/2022,11250,11700,11700,11200,23.85M,2.74%
3/3/2022,11150,11350,11500,11000,15.82M,-0.89%
3/4/2022,11900,11000,11900,11000,35.34M,6.73%
3/7/2022,12500,12100,12650,11800,21.11M,5.04%
3/8/2022,11700,12300,12500,11700,21.82M,-6.40%
3/9/2022,11950,11750,12250,11000,33.98M,2.14%
3/10/2022,12150,12150,12450,11950,18.38M,1.67%
3/11/2022,12400,12150,12750,12100,28.39M,2.06%
3/14/2022,11700,12100,12500,11700,20.62M,-5.65%
3/15/2022,11750,11750,12050,11550,14.96M,0.43%
3/16/2022,11500,11800,12000,11500,20.76M,-2.13%
3/17/2022,12100,11500,12300,11450,27.22M,5.22%
3/18/2022,11950,12150,12400,11900,11.24M,-1.24%
3/21/2022,12300,12300,12450,12050,23.11M,2.93%
3/22/2022,13150,12300,13150,12150,45.15M,6.91%
3/23/2022,13150,13450,13500,13050,20.58M,0.00%
3/24/2022,13350,13000,13800,13000,26.82M,1.52%
3/25/2022,13150,13300,13600,13100,22.59M,-1.50%
3/28/2022,13300,12800,13500,12300,41.27M,1.14%
3/29/2022,13400,13300,13500,13000,15.91M,0.75%
3/30/2022,13650,13200,14150,13200,36.49M,1.87%
3/31/2022,13100,13850,13850,13100,21.00M,-4.03%
4/1/2022,13150,12900,13300,12750,19.11M,0.38%
4/4/2022,13350,13400,13650,13200,12.86M,1.52%
4/5/2022,13200,13350,13450,13100,10.26M,-1.12%
4/6/2022,13250,13100,13550,13050,15.54M,0.38%
4/7/2022,13300,13300,13450,13100,11.94M,0.38%
4/8/2022,12400,13350,13450,12400,41.77M,-6.77%
4/12/2022,11550,12500,12650,11550,23.10M,-6.85%
4/13/2022,12150,11550,12150,11100,16.04M,5.19%
4/14/2022,11300,12150,12150,11300,21.22M,-7.00%
4/15/2022,12050,11600,12050,11550,25.17M,6.64%
4/18/2022,11600,12000,12150,11350,14.37M,-3.73%
4/19/2022,10850,11500,11800,10850,15.61M,-6.47%
4/20/2022,10100,10650,10950,10100,22.46M,-6.91%
4/21/2022,10100,9550,10500,9400,23.91M,0.00%
4/22/2022,9800,10150,10450,9630,13.75M,-2.97%
4/25/2022,9120,9900,10150,9120,18.29M,-6.94%
4/26/2022,9740,8900,9740,8600,16.60M,6.80%
4/27/2022,10200,9800,10200,9500,14.34M,4.72%
4/28/2022,10050,10200,10450,10000,8.72M,-1.47%
4/29/2022,10200,10000,10300,9900,13.83M,1.49%
5/4/2022,9920,10300,10300,9900,10.51M,-2.75%
5/5/2022,9990,10050,10100,9530,11.01M,0.71%
5/6/2022,9400,9600,9800,9400,10.00M,-5.91%
5/9/2022,8750,9300,9390,8750,16.58M,-6.91%
5/10/2022,9060,8250,9190,8250,12.09M,3.54%
5/11/2022,8960,9100,9140,8780,8.52M,-1.10%
5/12/2022,8340,8800,8900,8340,10.90M,-6.92%
5/13/2022,7760,8310,8500,7760,21.90M,-6.95%
5/16/2022,8050,8200,8290,7950,10.65M,3.74%
5/17/2022,8610,8050,8610,7970,10.50M,6.96%
5/18/2022,9000,9000,9200,8900,13.18M,4.53%
5/19/2022,9030,8740,9190,8730,9.47M,0.33%
5/20/2022,8990,8640,9110,8600,20.47M,-0.44%
5/23/2022,8810,9150,9350,8600,14.92M,-2.00%
5/24/2022,8720,8840,8840,8300,10.73M,-1.02%
5/25/2022,9300,8750,9300,8750,12.36M,6.65%
5/26/2022,9080,9260,9450,9050,9.82M,-2.37%
5/27/2022,9410,9280,9570,9160,13.70M,3.63%
5/30/2022,9360,9500,9500,9310,6.73M,-0.53%
5/31/2022,9220,9340,9540,9160,9.36M,-1.50%
6/1/2022,9250,9220,9320,9070,6.87M,0.33%
6/2/2022,8900,9280,9310,8900,11.65M,-3.78%
6/3/2022,8720,8900,8970,8560,11.27M,-2.02%
6/6/2022,8500,8680,8860,8500,8.74M,-2.52%
6/7/2022,8450,8480,8500,8000,11.62M,-0.59%
6/8/2022,8750,8500,8870,8500,7.40M,3.55%
6/9/2022,8560,8800,8800,8550,5.31M,-2.17%
6/10/2022,8190,8460,8500,8180,10.92M,-4.32%
6/13/2022,7620,7700,7880,7620,17.58M,-6.96%
6/14/2022,7830,7550,8100,7550,9.48M,2.76%
6/15/2022,7550,7870,7900,7300,8.47M,-3.58%
6/16/2022,7500,7800,7800,7500,6.90M,-0.66%
6/17/2022,6980,7100,7300,6980,13.11M,-6.93%
6/20/2022,7200,7020,7430,6700,14.64M,3.15%
6/21/2022,7700,7450,7700,7400,9.61M,6.94%
6/22/2022,8000,8190,8190,7910,11.79M,3.90%
6/23/2022,8240,7850,8250,7700,11.83M,3.00%
6/24/2022,8080,8140,8400,8030,8.60M,-1.94%
6/27/2022,8640,8150,8640,8010,18.98M,6.93%
6/28/2022,8640,8700,9150,8540,15.02M,0.00%
6/29/2022,8600,8500,8820,8480,9.67M,-0.46%
6/30/2022,8320,8650,8850,8270,15.51M,-3.26%
7/1/2022,8900,8300,8900,8220,23.58M,6.97%
7/4/2022,9520,9210,9520,9210,23.61M,6.97%
7/5/2022,9420,9700,9960,9330,20.35M,-1.05%
7/6/2022,9650,9300,10050,9300,29.14M,2.44%
7/7/2022,9700,9800,9890,9320,15.36M,0.52%
7/8/2022,9620,9800,9910,9520,10.76M,-0.82%
7/11/2022,10250,9720,10250,9650,25.38M,6.55%
7/12/2022,10500,10550,10750,10200,19.82M,2.44%
7/13/2022,11000,10600,11200,10600,22.35M,4.76%
7/14/2022,10900,10850,11400,10450,23.60M,-0.91%
7/15/2022,11050,10800,11300,10800,13.26M,1.38%
7/18/2022,11700,11400,11800,11300,19.94M,5.88%
7/19/2022,11650,11750,12150,11500,23.73M,-0.43%
7/20/2022,10850,11900,11900,10850,47.05M,-6.87%
7/21/2022,11100,10800,11150,10350,29.66M,2.30%
7/22/2022,10850,11000,11300,10700,9.52M,-2.25%
7/25/2022,11400,10800,11400,10600,17.75M,5.07%
7/26/2022,11000,11400,11450,10950,15.32M,-3.51%
7/27/2022,11300,10900,11400,10700,13.17M,2.73%
7/28/2022,11000,11400,11700,11000,24.09M,-2.65%
7/29/2022,11150,11000,11550,11000,17.27M,1.36%
8/1/2022,11350,11450,11550,11100,16.74M,1.79%
8/2/2022,12100,11400,12100,11250,43.32M,6.61%
8/3/2022,12300,12250,12800,12200,23.94M,1.65%
8/4/2022,12350,12300,12600,12150,16.26M,0.41%
8/5/2022,12450,12200,12700,12150,17.81M,0.81%
8/8/2022,11850,12350,12450,11800,38.13M,-4.82%
8/9/2022,12050,11700,12150,11700,15.50M,1.69%
8/10/2022,11700,11950,12200,11700,22.02M,-2.90%
8/11/2022,12200,11800,12350,11500,33.08M,4.27%
8/12/2022,11950,12250,12350,11950,11.23M,-2.05%
8/15/2022,12350,12200,12600,12100,26.72M,3.35%
8/16/2022,12300,12350,12650,12150,17.74M,-0.40%
8/17/2022,11900,12300,12500,11650,27.71M,-3.25%
8/18/2022,11650,11800,11950,11550,21.61M,-2.10%
8/19/2022,11650,11650,11900,11550,12.37M,0.00%
8/22/2022,12400,11800,12450,11750,31.27M,6.44%
8/23/2022,12350,12300,12600,12250,17.27M,-0.40%
8/24/2022,12650,12600,12950,12450,26.79M,2.43%
8/25/2022,12600,12800,12850,12550,10.57M,-0.40%
8/26/2022,12750,12850,13100,12550,19.53M,1.19%
8/29/2022,13050,12500,13050,12350,32.05M,2.35%
8/30/2022,12950,13050,13250,12850,11.90M,-0.77%
8/31/2022,12950,12950,13300,12850,19.53M,0.00%
9/5/2022,12950,12950,13150,12900,12.13M,0.00%
9/6/2022,12450,13150,13150,12450,30.80M,-3.86%
9/7/2022,12350,12350,12700,12300,18.46M,-0.80%
9/8/2022,11900,12500,12550,11900,25.85M,-3.64%
9/9/2022,12400,11950,12400,11700,17.68M,4.20%
9/12/2022,12800,12600,12900,12600,13.97M,3.23%
9/13/2022,12850,12800,12900,12650,10.51M,0.39%
9/14/2022,13700,12700,13700,12500,40.71M,6.61%
9/15/2022,13600,13750,13900,13500,14.62M,-0.73%
9/16/2022,13600,13500,14150,13500,32.67M,0.00%
9/19/2022,13850,13800,14300,13300,36.67M,1.84%
9/20/2022,13850,14000,14100,13650,12.00M,0.00%
9/21/2022,13650,13700,13900,13650,10.40M,-1.44%
9/22/2022,13850,13500,13900,13350,23.04M,1.47%
9/23/2022,13900,14000,14600,13900,38.86M,0.36%
9/26/2022,13700,13500,13700,13050,40.96M,-1.44%
9/27/2022,13450,13750,14100,13450,22.12M,-1.82%
9/28/2022,12550,13400,13500,12550,45.68M,-6.69%
9/29/2022,12400,12750,12850,12350,21.69M,-1.20%
9/30/2022,13250,12550,13250,12250,31.44M,6.85%
10/3/2022,12350,13350,13450,12350,33.13M,-6.79%
10/4/2022,11800,12450,12450,11550,33.60M,-4.45%
10/5/2022,12400,12200,12600,12050,15.19M,5.08%
10/6/2022,11550,12250,12300,11550,34.39M,-6.85%
10/7/2022,10750,10750,10950,10750,10.66M,-6.93%
10/10/2022,11100,10150,11400,10150,29.61M,3.26%
10/11/2022,10350,11000,11100,10350,15.93M,-6.76%
10/12/2022,9630,10300,10700,9630,30.90M,-6.96%
10/13/2022,9900,9980,10050,9610,16.25M,2.80%
10/14/2022,10050,10100,10300,9970,13.27M,1.52%
10/17/2022,9460,9980,9980,9350,24.98M,-5.87%
10/18/2022,9780,9700,9940,9470,11.04M,3.38%
10/19/2022,9540,9740,9940,9340,10.02M,-2.45%
10/20/2022,9050,9500,9500,8920,15.25M,-5.14%
10/21/2022,8500,9060,9390,8450,20.20M,-6.08%
10/24/2022,8830,8650,8950,8400,20.73M,3.88%
10/25/2022,9030,8850,9250,8510,13.65M,2.27%
10/26/2022,8700,9040,9130,8640,8.41M,-3.65%
10/27/2022,9300,8870,9300,8810,13.13M,6.90%
10/28/2022,9100,9300,9500,9060,12.45M,-2.15%
10/31/2022,8660,9100,9230,8470,15.34M,-4.84%
11/1/2022,8760,8830,8940,8620,7.15M,1.15%
11/2/2022,8990,8800,9200,8730,9.85M,2.63%
11/3/2022,8800,8880,9080,8800,7.26M,-2.11%
11/4/2022,8290,8800,8800,8280,16.16M,-5.80%
11/7/2022,7710,8180,8280,7710,16.64M,-7.00%
11/8/2022,7800,7450,7870,7410,9.59M,1.17%
11/9/2022,7900,8000,8200,7860,7.49M,1.28%
11/10/2022,7350,7700,7900,7350,8.92M,-6.96%
11/11/2022,6840,7520,7520,6840,16.75M,-6.94%
11/14/2022,6370,6650,6800,6370,15.01M,-6.87%
11/15/2022,5930,6200,6380,5930,16.00M,-6.91%
11/16/2022,6340,5930,6340,5640,10.99M,6.91%
11/17/2022,6780,6780,6780,6780,1.65M,6.94%
11/18/2022,7250,7250,7250,7030,23.76M,6.93%
11/21/2022,7750,7750,7750,7540,16.52M,6.90%
11/22/2022,7800,7850,8290,7760,21.85M,0.65%
11/23/2022,7350,7680,7980,7350,13.13M,-5.77%
11/24/2022,7860,7300,7860,7150,10.88M,6.94%
11/25/2022,8410,8400,8410,8300,20.45M,7.00%
11/28/2022,8960,8940,8990,8660,18.24M,6.54%
11/29/2022,8920,8710,9150,8510,23.40M,-0.45%
11/30/2022,9050,8990,9400,8650,17.98M,1.46%
