date,price,open,high,low,vol,change
7/9/2015,3861.9,3888.4,3941.3,3848.7,6.33M,-1.69%
8/9/2015,3994.2,3875.2,3994.2,3861.9,5.76M,3.43%
9/9/2015,4060.3,4047.1,4073.5,4007.4,10.08M,1.65%
10/9/2015,4020.6,4007.4,4060.3,3967.7,4.93M,-0.98%
11/9/2015,3928.1,4007.4,4020.6,3928.1,6.22M,-2.30%
14/09/2015,3875.2,3928.1,3954.5,3848.7,4.19M,-1.35%
15/09/2015,3861.9,3861.9,3888.4,3848.7,3.39M,-0.34%
16/09/2015,3928.1,3875.2,3928.1,3861.9,2.52M,1.71%
17/09/2015,3967.7,3941.3,4020.6,3941.3,4.30M,1.01%
18/09/2015,4073.5,4033.9,4086.8,4020.6,11.25M,2.67%
21/09/2015,4192.6,4060.3,4271.9,4020.6,15.21M,2.92%
22/09/2015,4205.8,4192.6,4232.2,4166.1,5.55M,0.31%
23/09/2015,4179.3,4166.1,4205.8,4139.7,7.52M,-0.63%
24/09/2015,4152.9,4192.6,4192.6,4139.7,7.14M,-0.63%
25/09/2015,4113.2,4126.4,4152.9,4100,3.58M,-0.96%
28/09/2015,3994.2,4100,4126.4,3994.2,7.10M,-2.89%
29/09/2015,3981,3967.7,3981,3928.1,7.10M,-0.33%
30/09/2015,4020.6,3994.2,4060.3,3994.2,3.91M,0.99%
1/10/2015,4060.3,4020.6,4060.3,4020.6,2.15M,0.99%
2/10/2015,4086.8,4060.3,4139.7,4060.3,6.38M,0.65%
5/10/2015,4152.9,4086.8,4152.9,4073.5,9.18M,1.62%
6/10/2015,4232.2,4192.6,4245.5,4166.1,22.66M,1.91%
7/10/2015,4166.1,4245.5,4245.5,4152.9,10.67M,-1.56%
8/10/2015,4258.7,4179.3,4271.9,4152.9,13.56M,2.22%
9/10/2015,4285.2,4285.2,4338.1,4245.5,11.22M,0.62%
12/10/2015,4338.1,4298.4,4364.5,4285.2,14.23M,1.23%
13/10/2015,4285.2,4311.6,4324.8,4285.2,6.38M,-1.22%
14/10/2015,4271.9,4285.2,4311.6,4271.9,8.50M,-0.31%
15/10/2015,4271.9,4285.2,4404.2,4271.9,17.97M,0.00%
16/10/2015,4232.2,4298.4,4338.1,4219,16.55M,-0.93%
19/10/2015,4232.2,4258.7,4258.7,4205.8,12.13M,0.00%
20/10/2015,4152.9,4232.2,4232.2,4139.7,12.20M,-1.87%
21/10/2015,4126.4,4152.9,4205.8,4113.2,8.01M,-0.64%
22/10/2015,4152.9,4113.2,4166.1,4113.2,6.23M,0.64%
23/10/2015,4205.8,4232.2,4232.2,4179.3,7.42M,1.27%
26/10/2015,4219,4219,4285.2,4219,9.69M,0.31%
27/10/2015,4192.6,4219,4232.2,4179.3,5.91M,-0.63%
28/10/2015,4152.9,4192.6,4205.8,4152.9,6.97M,-0.95%
29/10/2015,4166.1,4166.1,4205.8,4152.9,10.45M,0.32%
30/10/2015,4166.1,4166.1,4192.6,4152.9,7.39M,0.00%
2/11/2015,4126.4,4166.1,4166.1,4100,8.48M,-0.95%
3/11/2015,4166.1,4126.4,4166.1,4086.8,6.60M,0.96%
4/11/2015,4113.2,4179.3,4179.3,4086.8,8.03M,-1.27%
5/11/2015,4100,4113.2,4139.7,4100,4.60M,-0.32%
6/11/2015,4100,4100,4139.7,4073.5,6.54M,0.00%
9/11/2015,4060.3,4073.5,4113.2,4060.3,3.93M,-0.97%
10/11/2015,4033.9,4060.3,4073.5,4020.6,4.76M,-0.65%
11/11/2015,4007.4,4033.9,4047.1,4007.4,5.16M,-0.66%
12/11/2015,3981,4007.4,4020.6,3941.3,9.93M,-0.66%
13/11/2015,3981,3981,3994.2,3954.5,9.23M,0.00%
16/11/2015,3914.8,3994.2,3994.2,3914.8,8.60M,-1.66%
17/11/2015,3994.2,3914.8,4033.9,3914.8,14.22M,2.03%
18/11/2015,3981,4007.4,4020.6,3967.7,4.21M,-0.33%
19/11/2015,3941.3,3981,3981,3941.3,3.08M,-1.00%
20/11/2015,3954.5,3928.1,3981,3914.8,5.74M,0.33%
23/11/2015,3994.2,3967.7,4007.4,3967.7,6.82M,1.00%
24/11/2015,3981,3994.2,4020.6,3981,7.75M,-0.33%
25/11/2015,4113.2,3981,4113.2,3954.5,15.50M,3.32%
26/11/2015,4192.6,4152.9,4232.2,4126.4,19.91M,1.93%
27/11/2015,4139.7,4205.8,4245.5,4139.7,23.92M,-1.26%
30/11/2015,4033.9,4100,4100,4020.6,8.10M,-2.56%
1/12/2015,4007.4,4047.1,4060.3,4007.4,7.36M,-0.66%
2/12/2015,4047.1,4007.4,4060.3,4007.4,9.48M,0.99%
3/12/2015,4047.1,4047.1,4086.8,4033.9,4.65M,0.00%
4/12/2015,4007.4,4047.1,4047.1,3981,5.77M,-0.98%
7/12/2015,3954.5,3981,4007.4,3941.3,4.88M,-1.32%
8/12/2015,4007.4,3928.1,4020.6,3914.8,5.49M,1.34%
9/12/2015,3941.3,4007.4,4020.6,3941.3,3.75M,-1.65%
10/12/2015,3888.4,3928.1,3967.7,3888.4,7.55M,-1.34%
11/12/2015,3941.3,3901.6,3954.5,3888.4,6.00M,1.36%
14/12/2015,4047.1,4100,4100,4047.1,11.15M,2.68%
15/12/2015,4047.1,4033.9,4073.5,4033.9,9.89M,0.00%
16/12/2015,4033.9,4060.3,4060.3,4033.9,5.33M,-0.33%
17/12/2015,4020.6,4033.9,4047.1,4007.4,4.55M,-0.33%
18/12/2015,4020.6,4020.6,4060.3,3994.2,67.27M,0.00%
21/12/2015,3967.7,3994.2,3994.2,3941.3,6.23M,-1.32%
22/12/2015,3928.1,3954.5,3954.5,3914.8,3.08M,-1.00%
23/12/2015,3901.6,3941.3,3941.3,3888.4,4.70M,-0.67%
24/12/2015,3901.6,3901.6,3941.3,3901.6,1.63M,0.00%
25/12/2015,3901.6,3901.6,3928.1,3888.4,2.85M,0.00%
28/12/2015,3822.3,3901.6,3914.8,3822.3,7.08M,-2.03%
29/12/2015,3822.3,3835.5,3848.7,3795.8,3.29M,0.00%
30/12/2015,3875.2,3861.9,3901.6,3835.5,4.61M,1.38%
31/12/2015,3861.9,3875.2,3875.2,3822.3,2.76M,-0.34%
4/1/2016,3809,3848.7,3875.2,3809,2.86M,-1.37%
5/1/2016,3769.3,3795.8,3822.3,3769.3,4.44M,-1.04%
6/1/2016,3835.5,3769.3,3835.5,3769.3,4.65M,1.76%
7/1/2016,3729.7,3782.6,3795.8,3716.4,7.28M,-2.76%
8/1/2016,3663.5,3663.5,3716.4,3637.1,6.10M,-1.77%
11/1/2016,3663.5,3690,3690,3650.3,3.45M,0.00%
12/1/2016,3703.2,3650.3,3716.4,3650.3,2.43M,1.08%
13/01/2016,3637.1,3716.4,3716.4,3637.1,4.84M,-1.78%
14/01/2016,3504.8,3623.9,3623.9,3491.6,10.45M,-3.64%
15/01/2016,3372.6,3504.8,3518.1,3346.1,15.53M,-3.77%
18/01/2016,3280,3187.4,3293.2,3161,20.47M,-2.75%
19/01/2016,3332.9,3293.2,3372.6,3280,17.42M,1.61%
20/01/2016,3332.9,3319.7,3372.6,3266.8,14.05M,0.00%
21/01/2016,3372.6,3280,3372.6,3280,14.25M,1.19%
22/01/2016,3385.8,3385.8,3425.5,3346.1,19.46M,0.39%
25/01/2016,3597.4,3438.7,3610.6,3438.7,8.75M,6.25%
26/01/2016,3491.6,3504.8,3584.2,3478.4,9.18M,-2.94%
27/01/2016,3544.5,3531.3,3571,3518.1,8.60M,1.52%
28/01/2016,3504.8,3557.7,3597.4,3504.8,5.50M,-1.12%
29/01/2016,3637.1,3531.3,3637.1,3504.8,6.07M,3.77%
1/2/2016,3531.3,3637.1,3703.2,3531.3,6.04M,-2.91%
2/2/2016,3544.5,3504.8,3557.7,3491.6,2.05M,0.37%
3/2/2016,3544.5,3491.6,3557.7,3478.4,8.70M,0.00%
4/2/2016,3571,3557.7,3584.2,3557.7,1.25M,0.75%
5/2/2016,3571,3571,3597.4,3544.5,1.10M,0.00%
15/02/2016,3491.6,3571,3571,3438.7,7.30M,-2.22%
16/02/2016,3531.3,3491.6,3544.5,3491.6,3.46M,1.14%
17/02/2016,3531.3,3504.8,3544.5,3504.8,4.27M,0.00%
18/02/2016,3544.5,3544.5,3584.2,3544.5,3.55M,0.37%
19/02/2016,3571,3544.5,3584.2,3544.5,4.98M,0.75%
22/02/2016,3597.4,3557.7,3663.5,3557.7,7.71M,0.74%
23/02/2016,3597.4,3690,3690,3597.4,5.70M,0.00%
24/02/2016,3597.4,3597.4,3610.6,3544.5,4.73M,0.00%
25/02/2016,3610.6,3610.6,3690,3597.4,6.65M,0.37%
26/02/2016,3756.1,3623.9,3756.1,3610.6,13.15M,4.03%
29/02/2016,3690,3809,3809,3690,6.65M,-1.76%
1/3/2016,3623.9,3690,3690,3610.6,6.81M,-1.79%
2/3/2016,3597.4,3637.1,3650.3,3544.5,11.41M,-0.73%
3/3/2016,3571,3623.9,3637.1,3571,5.21M,-0.73%
4/3/2016,3637.1,3584.2,3663.5,3557.7,5.36M,1.85%
7/3/2016,3676.8,3650.3,3716.4,3637.1,15.55M,1.09%
8/3/2016,3822.3,3729.7,3875.2,3729.7,47.79M,3.96%
9/3/2016,3769.3,3835.5,3901.6,3769.3,18.87M,-1.39%
10/3/2016,3782.6,3782.6,3795.8,3756.1,8.80M,0.35%
11/3/2016,3809,3795.8,3848.7,3769.3,15.14M,0.70%
14/03/2016,3967.7,3835.5,3994.2,3835.5,27.33M,4.17%
15/03/2016,3967.7,3994.2,4033.9,3928.1,19.04M,0.00%
16/03/2016,3954.5,3994.2,3994.2,3941.3,11.54M,-0.33%
17/03/2016,3967.7,3994.2,4020.6,3954.5,14.83M,0.33%
18/03/2016,3928.1,3981,3981,3928.1,18.25M,-1.00%
21/03/2016,3941.3,3954.5,4007.4,3941.3,10.68M,0.34%
22/03/2016,3901.6,3954.5,3954.5,3901.6,11.32M,-1.01%
23/03/2016,3875.2,3875.2,3928.1,3848.7,11.13M,-0.68%
24/03/2016,3809,3861.9,3914.8,3809,12.42M,-1.71%
25/03/2016,3835.5,3809,3861.9,3795.8,12.04M,0.70%
28/03/2016,3954.5,3848.7,3954.5,3848.7,8.30M,3.10%
29/03/2016,3941.3,3967.7,4020.6,3941.3,14.44M,-0.33%
30/03/2016,3901.6,3928.1,3954.5,3901.6,11.15M,-1.01%
31/03/2016,3901.6,3901.6,3994.2,3888.4,17.38M,0.00%
1/4/2016,3835.5,3901.6,3914.8,3809,10.76M,-1.69%
4/4/2016,3861.9,3835.5,3901.6,3822.3,6.97M,0.69%
5/4/2016,3875.2,3861.9,3888.4,3848.7,3.79M,0.34%
6/4/2016,3994.2,3875.2,3994.2,3875.2,13.81M,3.07%
7/4/2016,3981,4020.6,4060.3,3981,19.08M,-0.33%
8/4/2016,4073.5,3981,4113.2,3967.7,50.00M,2.32%
11/4/2016,4166.1,4113.2,4192.6,4113.2,35.72M,2.27%
12/4/2016,4192.6,4166.1,4205.8,4152.9,20.13M,0.64%
13/04/2016,4113.2,4192.6,4192.6,4086.8,21.94M,-1.89%
14/04/2016,4152.9,4113.2,4205.8,4113.2,15.13M,0.97%
15/04/2016,4139.7,4179.3,4219,4139.7,19.31M,-0.32%
19/04/2016,4086.8,4152.9,4152.9,4086.8,21.52M,-1.28%
20/04/2016,4126.4,4126.4,4166.1,4073.5,19.87M,0.97%
21/04/2016,4166.1,4152.9,4232.2,4152.9,25.92M,0.96%
22/04/2016,4324.8,4179.3,4338.1,4166.1,30.56M,3.81%
25/04/2016,4364.5,4364.5,4430.6,4351.3,21.51M,0.92%
26/04/2016,4364.5,4338.1,4417.4,4298.4,21.32M,0.00%
27/04/2016,4324.8,4364.5,4364.5,4285.2,16.40M,-0.91%
28/04/2016,4298.4,4311.6,4338.1,4258.7,11.79M,-0.61%
29/04/2016,4430.6,4285.2,4430.6,4285.2,24.40M,3.08%
4/5/2016,4629,4483.5,4681.9,4470.3,45.23M,4.48%
5/5/2016,4629,4642.2,4867.1,4562.9,55.85M,0.00%
6/5/2016,4496.8,4576.1,4615.8,4483.5,28.95M,-2.86%
9/5/2016,4483.5,4549.7,4589.3,4483.5,24.41M,-0.30%
10/5/2016,4430.6,4430.6,4496.8,4404.2,34.89M,-1.18%
11/5/2016,4562.9,4496.8,4562.9,4483.5,17.64M,2.99%
12/5/2016,4496.8,4576.1,4589.3,4496.8,12.31M,-1.45%
13/05/2016,4404.2,4470.3,4483.5,4377.7,27.26M,-2.06%
16/05/2016,4391,4391,4404.2,4351.3,15.95M,-0.30%
17/05/2016,4443.9,4404.2,4470.3,4404.2,9.46M,1.20%
18/05/2016,4377.7,4457.1,4457.1,4377.7,12.52M,-1.49%
19/05/2016,4391,4377.7,4443.9,4364.5,12.19M,0.30%
20/05/2016,4391,4391,4404.2,4364.5,10.08M,0.00%
23/05/2016,4457.1,4391,4483.5,4377.7,8.12M,1.51%
24/05/2016,4457.1,4443.9,4510,4430.6,10.78M,0.00%
25/05/2016,4457.1,4470.3,4523.2,4443.9,13.01M,0.00%
26/05/2016,4391,4443.9,4470.3,4391,13.07M,-1.48%
27/05/2016,4404.2,4377.7,4430.6,4364.5,11.26M,0.30%
30/05/2016,4470.3,4417.4,4496.8,4417.4,22.41M,1.50%
31/05/2016,4470.3,4496.8,4523.2,4457.1,24.68M,0.00%
1/6/2016,4549.7,4470.3,4615.8,4443.9,40.14M,1.78%
2/6/2016,4655.5,4549.7,4668.7,4523.2,36.86M,2.33%
3/6/2016,4708.4,4708.4,4748.1,4668.7,45.64M,1.14%
6/6/2016,4681.9,4734.8,4853.9,4668.7,52.34M,-0.56%
7/6/2016,4801,4695.2,4801,4695.2,21.52M,2.54%
8/6/2016,4880.3,4853.9,4946.4,4827.4,26.31M,1.65%
9/6/2016,4853.9,4920,4920,4827.4,20.94M,-0.54%
10/6/2016,4893.5,4867.1,4959.7,4853.9,17.23M,0.82%
13/06/2016,4827.4,4880.3,4880.3,4801,20.68M,-1.35%
14/06/2016,5012.6,4814.2,5012.6,4787.7,24.32M,3.84%
15/06/2016,5025.8,5012.6,5118.4,4972.9,15.04M,0.26%
16/06/2016,5039,5025.8,5118.4,5025.8,19.87M,0.26%
17/06/2016,4946.4,5012.6,5065.5,4946.4,39.97M,-1.84%
20/06/2016,5078.7,5025.8,5078.7,4986.1,11.64M,2.67%
21/06/2016,5184.5,5131.6,5250.6,5131.6,25.50M,2.08%
22/06/2016,5237.4,5184.5,5277.1,5158.1,16.14M,1.02%
23/06/2016,5303.5,5224.2,5330,5224.2,28.39M,1.26%
24/06/2016,5131.6,5277.1,5290.3,4933.2,86.01M,-3.24%
27/06/2016,5158.1,5065.5,5158.1,4986.1,22.65M,0.52%
28/06/2016,5118.4,5105.2,5197.7,5091.9,12.93M,-0.77%
29/06/2016,5197.7,5131.6,5250.6,5118.4,31.48M,1.55%
30/06/2016,5237.4,5263.9,5330,5224.2,24.28M,0.76%
1/7/2016,5263.9,5263.9,5343.2,5250.6,39.96M,0.51%
4/7/2016,5277.1,5290.3,5316.8,5250.6,29.37M,0.25%
5/7/2016,5316.8,5330,5396.1,5303.5,34.80M,0.75%
6/7/2016,5422.6,5303.5,5422.6,5263.9,35.01M,1.99%
7/7/2016,5660.6,5541.6,5687.1,5488.7,25.99M,4.39%
8/7/2016,5647.4,5687.1,5713.5,5541.6,40.64M,-0.23%
11/7/2016,5356.4,5647.4,5673.9,5356.4,36.46M,-5.15%
12/7/2016,5435.8,5396.1,5475.5,5316.8,39.17M,1.48%
13/07/2016,5501.9,5488.7,5554.8,5488.7,26.46M,1.22%
14/07/2016,5316.8,5515.1,5528.4,5316.8,36.31M,-3.36%
15/07/2016,5369.7,5303.5,5382.9,5197.7,26.32M,0.99%
18/07/2016,5594.5,5369.7,5660.6,5356.4,42.27M,4.19%
19/07/2016,5554.8,5687.1,5687.1,5422.6,31.37M,-0.71%
20/07/2016,5435.8,5541.6,5581.3,5435.8,19.27M,-2.14%
21/07/2016,5449,5449,5528.4,5422.6,20.37M,0.24%
22/07/2016,5316.8,5422.6,5422.6,5158.1,36.66M,-2.43%
25/07/2016,5409.3,5369.7,5462.2,5303.5,26.60M,1.74%
26/07/2016,5594.5,5409.3,5594.5,5382.9,35.24M,3.42%
27/07/2016,5713.5,5687.1,5740,5607.7,51.62M,2.13%
28/07/2016,5898.7,5726.8,5925.1,5726.8,41.68M,3.24%
29/07/2016,5885.5,5911.9,5925.1,5819.3,43.71M,-0.22%
1/8/2016,5832.6,5898.7,5898.7,5753.2,32.86M,-0.90%
2/8/2016,5647.4,5766.4,5792.9,5647.4,44.99M,-3.18%
3/8/2016,5713.5,5621,5713.5,5607.7,21.54M,1.17%
4/8/2016,5634.2,5766.4,5779.7,5634.2,21.76M,-1.39%
5/8/2016,5700.3,5621,5700.3,5581.3,33.86M,1.17%
8/8/2016,5660.6,5713.5,5753.2,5647.4,13.98M,-0.70%
9/8/2016,5726.8,5647.4,5726.8,5647.4,16.61M,1.17%
10/8/2016,5991.3,5753.2,6083.9,5753.2,40.28M,4.62%
11/8/2016,6083.9,5991.3,6110.3,5991.3,27.76M,1.55%
12/8/2016,6057.4,6216.1,6242.6,6044.2,32.23M,-0.44%
15/08/2016,6123.5,6057.4,6123.5,6031,32.30M,1.09%
16/08/2016,6216.1,6176.4,6295.5,6150,25.41M,1.51%
17/08/2016,6427.7,6229.3,6480.6,6229.3,33.20M,3.40%
18/08/2016,6454.2,6493.9,6573.2,6427.7,29.07M,0.41%
19/08/2016,6374.8,6467.4,6507.1,6374.8,25.82M,-1.23%
22/08/2016,6414.5,6361.6,6441,6348.4,19.41M,0.62%
23/08/2016,6520.3,6401.3,6520.3,6401.3,24.87M,1.65%
24/08/2016,6480.6,6573.2,6679,6467.4,41.04M,-0.61%
25/08/2016,6746.7,6652.5,6746.7,6621.2,36.03M,4.11%
26/08/2016,6683.9,6746.7,6762.4,6668.2,14.15M,-0.93%
29/08/2016,6511.3,6668.2,6699.6,6511.3,30.19M,-2.58%
30/08/2016,6574.1,6464.3,6589.8,6417.2,18.85M,0.96%
31/08/2016,6715.3,6636.8,6731,6621.2,18.57M,2.15%
1/9/2016,6652.5,6715.3,6715.3,6621.2,14.02M,-0.94%
5/9/2016,6589.8,6683.9,6699.6,6574.1,22.27M,-0.94%
6/9/2016,6636.8,6621.2,6699.6,6605.5,20.59M,0.71%
7/9/2016,6903.6,6636.8,6903.6,6574.1,27.81M,4.02%
8/9/2016,7044.8,6903.6,7091.9,6840.8,34.03M,2.05%
9/9/2016,6950.6,7044.8,7060.5,6919.3,18.29M,-1.34%
12/9/2016,6746.7,6880,6887.9,6738.8,19.71M,-2.93%
13/09/2016,6856.5,6746.7,6919.3,6746.7,20.94M,1.63%
14/09/2016,6840.8,6801.6,6895.7,6801.6,8.80M,-0.23%
15/09/2016,6935,6809.4,6982,6809.4,18.54M,1.38%
16/09/2016,6982,6935,7013.4,6911.4,55.43M,0.68%
19/09/2016,7154.6,7060.5,7209.5,7044.8,26.48M,2.47%
20/09/2016,7131.1,7107.5,7170.3,7052.6,18.60M,-0.33%
21/09/2016,7154.6,7123.2,7248.8,7060.5,18.40M,0.33%
22/09/2016,7248.8,7233.1,7327.2,7170.3,26.47M,1.32%
23/09/2016,7201.7,7248.8,7280.1,7201.7,18.82M,-0.65%
26/09/2016,7209.5,7186,7256.6,7084,17.65M,0.11%
27/09/2016,7256.6,7201.7,7272.3,7186,21.32M,0.65%
28/09/2016,7327.2,7295.8,7374.3,7256.6,20.44M,0.97%
29/09/2016,7280.1,7327.2,7374.3,7248.8,21.16M,-0.64%
30/09/2016,7170.3,7225.2,7295.8,7154.6,43.33M,-1.51%
3/10/2016,6982,7170.3,7217.4,6982,41.12M,-2.63%
4/10/2016,6895.7,6935,7029.1,6762.4,77.34M,-1.24%
5/10/2016,6840.8,6903.6,6935,6833,30.66M,-0.80%
6/10/2016,6731,6825.1,6856.5,6676.1,34.65M,-1.61%
7/10/2016,6448.6,6731,6793.7,6354.4,74.26M,-4.20%
10/10/2016,6150.5,6432.9,6448.6,6150.5,36.43M,-4.62%
11/10/2016,6574.1,6166.2,6574.1,6166.2,54.14M,6.89%
12/10/2016,6401.5,6621.2,6683.9,6370.1,38.61M,-2.63%
13/10/2016,6479.9,6307.4,6519.2,6228.9,29.08M,1.22%
14/10/2016,6338.7,6432.9,6542.7,6338.7,26.85M,-2.18%
17/10/2016,6244.6,6307.4,6401.5,6244.6,16.75M,-1.48%
18/10/2016,6385.8,6213.2,6393.7,6213.2,24.18M,2.26%
19/10/2016,6472.1,6432.9,6574.1,6393.7,22.26M,1.35%
20/10/2016,6456.4,6495.6,6527,6417.2,9.80M,-0.24%
21/10/2016,6432.9,6448.6,6495.6,6417.2,13.62M,-0.36%
24/10/2016,6307.4,6432.9,6464.3,6307.4,17.66M,-1.95%
25/10/2016,6213.2,6307.4,6323,6158.3,20.72M,-1.49%
26/10/2016,6205.4,6213.2,6268.1,6126.9,15.66M,-0.13%
27/10/2016,6205.4,6213.2,6236.8,6158.3,10.03M,0.00%
28/10/2016,6401.5,6205.4,6448.6,6205.4,20.98M,3.16%
31/10/2016,6393.7,6448.6,6448.6,6307.4,13.61M,-0.12%
1/11/2016,6338.7,6354.4,6456.4,6338.7,9.33M,-0.86%
2/11/2016,6197.5,6338.7,6338.7,6197.5,17.25M,-2.23%
3/11/2016,6166.2,6197.5,6197.5,6095.5,20.98M,-0.51%
4/11/2016,6213.2,6197.5,6244.6,6181.8,9.34M,0.76%
7/11/2016,6448.6,6268.1,6464.3,6228.9,25.32M,3.79%
8/11/2016,6511.3,6479.9,6558.4,6464.3,28.67M,0.97%
9/11/2016,6425,6511.3,6511.3,6197.5,57.80M,-1.33%
10/11/2016,6511.3,6558.4,6566.2,6503.5,23.35M,1.34%
11/11/2016,6425,6464.3,6495.6,6401.5,20.93M,-1.33%
14/11/2016,6464.3,6401.5,6495.6,6393.7,24.50M,0.61%
15/11/2016,6589.8,6464.3,6636.8,6464.3,28.18M,1.94%
16/11/2016,6605.5,6589.8,6691.8,6574.1,25.95M,0.24%
17/11/2016,6558.4,6589.8,6660.4,6542.7,18.76M,-0.71%
18/11/2016,6479.9,6542.7,6597.6,6464.3,19.05M,-1.20%
21/11/2016,6589.8,6495.6,6589.8,6448.6,20.29M,1.70%
22/11/2016,6574.1,6652.5,6660.4,6558.4,18.51M,-0.24%
23/11/2016,6534.9,6574.1,6636.8,6527,13.55M,-0.60%
24/11/2016,6542.7,6558.4,6629,6527,15.49M,0.12%
25/11/2016,6550.6,6589.8,6621.2,6527,19.90M,0.12%
28/11/2016,6385.8,6542.7,6550.6,6354.4,18.76M,-2.52%
29/11/2016,6330.9,6385.8,6417.2,6307.4,17.91M,-0.86%
30/11/2016,6605.5,6315.2,6668.2,6307.4,37.71M,4.34%
1/12/2016,6550.6,6636.8,6668.2,6550.6,26.97M,-0.83%
2/12/2016,6621.2,6574.1,6644.7,6558.4,29.29M,1.08%
5/12/2016,6652.5,6636.8,6754.5,6621.2,37.48M,0.47%
6/12/2016,6417.2,6668.2,6683.9,6370.1,30.44M,-3.54%
7/12/2016,6409.3,6417.2,6495.6,6401.5,18.35M,-0.12%
8/12/2016,6417.2,6425,6495.6,6409.3,11.74M,0.12%
9/12/2016,6417.2,6417.2,6487.8,6401.5,15.75M,0.00%
12/12/2016,6385.8,6409.3,6417.2,6354.4,14.82M,-0.49%
13/12/2016,6362.3,6385.8,6409.3,6323,16.50M,-0.37%
14/12/2016,6534.9,6362.3,6558.4,6362.3,16.17M,2.71%
15/12/2016,6479.9,6527,6542.7,6448.6,11.24M,-0.84%
16/12/2016,6558.4,6464.3,6605.5,6464.3,22.65M,1.21%
19/12/2016,6511.3,6558.4,6613.3,6487.8,14.92M,-0.72%
20/12/2016,6479.9,6511.3,6550.6,6472.1,8.06M,-0.48%
21/12/2016,6574.1,6511.3,6613.3,6495.6,14.77M,1.45%
22/12/2016,6668.2,6605.5,6778.1,6589.8,37.62M,1.43%
23/12/2016,6738.8,6668.2,6778.1,6605.5,26.21M,1.06%
26/12/2016,6872.2,6809.4,6880,6793.7,23.50M,1.98%
27/12/2016,6770.2,6872.2,6887.9,6770.2,23.53M,-1.48%
28/12/2016,6840.8,6778.1,6864.4,6770.2,21.29M,1.04%
29/12/2016,6778.1,6825.1,6848.7,6778.1,12.41M,-0.92%
30/12/2016,6770.2,6778.1,6817.3,6770.2,12.09M,-0.12%
3/1/2017,6903.6,6793.7,6927.1,6778.1,18.70M,1.97%
4/1/2017,6903.6,6950.6,6982,6880,14.41M,0.00%
5/1/2017,6919.3,6911.4,6950.6,6903.6,18.54M,0.23%
6/1/2017,6809.4,6935,6974.2,6778.1,25.82M,-1.59%
9/1/2017,6770.2,6825.1,6840.8,6738.8,16.08M,-0.58%
10/1/2017,6880,6778.1,6919.3,6778.1,18.33M,1.62%
11/1/2017,6903.6,6880,6903.6,6825.1,10.25M,0.34%
12/1/2017,6848.7,6935,6935,6848.7,11.16M,-0.80%
13/01/2017,6778.1,6825.1,6848.7,6778.1,15.84M,-1.03%
16/01/2017,6589.8,6770.2,6793.7,6589.8,25.43M,-2.78%
17/01/2017,6589.8,6589.8,6660.4,6550.6,15.74M,0.00%
18/01/2017,6527,6589.8,6629,6527,17.24M,-0.95%
19/01/2017,6503.5,6479.9,6566.2,6472.1,11.72M,-0.36%
20/01/2017,6621.2,6511.3,6644.7,6511.3,7.29M,1.81%
23/01/2017,6589.8,6605.5,6668.2,6589.8,7.34M,-0.47%
24/01/2017,6589.8,6621.2,6621.2,6581.9,7.17M,0.00%
25/01/2017,6636.8,6589.8,6676.1,6589.8,5.57M,0.71%
2/2/2017,6699.6,6668.2,6699.6,6621.2,10.53M,0.95%
3/2/2017,6778.1,6919.3,6982,6778.1,33.17M,1.17%
6/2/2017,6919.3,6825.1,6919.3,6778.1,28.23M,2.08%
7/2/2017,6997.7,6935,7068.3,6935,53.51M,1.13%
8/2/2017,7005.6,7029.1,7029.1,6950.6,19.85M,0.11%
9/2/2017,6989.9,7044.8,7084,6974.2,35.40M,-0.22%
10/2/2017,6958.5,6974.2,7044.8,6958.5,24.60M,-0.45%
13/02/2017,7021.3,6982,7044.8,6982,14.07M,0.90%
14/02/2017,7076.2,7060.5,7138.9,7029.1,27.79M,0.78%
15/02/2017,7084,7076.2,7123.2,7029.1,23.14M,0.11%
16/02/2017,7013.4,7115.4,7115.4,7013.4,27.58M,-1.00%
17/02/2017,6950.6,6982,6997.7,6872.2,33.40M,-0.90%
20/02/2017,6589.8,6715.3,6731,6527,81.38M,-5.19%
21/02/2017,6629,6566.2,6652.5,6534.9,26.56M,0.59%
22/02/2017,6307.4,6621.2,6644.7,6276,48.64M,-4.85%
23/02/2017,6370.1,6307.4,6417.2,6291.7,27.80M,0.99%
24/02/2017,6346.6,6354.4,6393.7,6291.7,14.75M,-0.37%
27/02/2017,6315.2,6338.7,6346.6,6252.4,24.25M,-0.49%
28/02/2017,6276,6354.4,6385.8,6276,14.49M,-0.62%
1/3/2017,6417.2,6268.1,6432.9,6181.8,23.35M,2.25%
2/3/2017,6589.8,6448.6,6597.6,6417.2,48.60M,2.69%
3/3/2017,6432.9,6589.8,6589.8,6432.9,10.93M,-2.38%
6/3/2017,6464.3,6432.9,6511.3,6401.5,15.73M,0.49%
7/3/2017,6464.3,6495.6,6511.3,6448.6,11.78M,0.00%
8/3/2017,6472.1,6464.3,6479.9,6448.6,12.37M,0.12%
9/3/2017,6589.8,6479.9,6613.3,6472.1,26.37M,1.82%
10/3/2017,6605.5,6589.8,6746.7,6581.9,36.90M,0.24%
13/03/2017,6605.5,6605.5,6621.2,6558.4,12.19M,0.00%
14/03/2017,6597.6,6621.2,6621.2,6589.8,9.81M,-0.12%
15/03/2017,6519.2,6589.8,6597.6,6503.5,15.86M,-1.19%
16/03/2017,6558.4,6558.4,6574.1,6542.7,6.07M,0.60%
17/03/2017,6479.9,6574.1,6613.3,6479.9,27.31M,-1.20%
20/03/2017,6566.2,6558.4,6581.9,6527,5.89M,1.33%
21/03/2017,6723.1,6668.2,6731,6652.5,22.00M,2.39%
22/03/2017,6652.5,6746.7,6762.4,6636.8,15.96M,-1.05%
23/03/2017,6707.5,6668.2,6731,6652.5,15.97M,0.83%
24/03/2017,6754.5,6746.7,6762.4,6707.5,18.05M,0.70%
27/03/2017,6754.5,6793.7,6801.6,6738.8,19.95M,0.00%
28/03/2017,6738.8,6746.7,6778.1,6683.9,18.11M,-0.23%
29/03/2017,6809.4,6746.7,6840.8,6723.1,36.13M,1.05%
30/03/2017,7048.7,7013.4,7142.8,6942.8,33.13M,3.51%
31/03/2017,7189.9,7060.5,7248.8,7060.5,13.88M,2.00%
3/4/2017,7519.4,7225.2,7531.2,7213.5,18.39M,4.58%
4/4/2017,7601.8,7531.2,7837.1,7519.4,31.52M,1.10%
5/4/2017,7401.7,7531.2,7542.9,7390,18.78M,-2.63%
7/4/2017,7495.9,7366.4,7542.9,7307.6,17.72M,1.27%
10/4/2017,7519.4,7531.2,7542.9,7437,17.68M,0.31%
11/4/2017,7507.6,7531.2,7542.9,7472.3,12.85M,-0.16%
12/4/2017,7437,7484.1,7495.9,7390,17.32M,-0.94%
13/04/2017,7413.5,7413.5,7472.3,7390,12.32M,-0.32%
14/04/2017,7272.3,7354.7,7401.7,7178.1,14.37M,-1.90%
17/04/2017,7178.1,7284.1,7307.6,7142.8,18.31M,-1.30%
18/04/2017,7119.3,7213.5,7225.2,7072.2,21.66M,-0.82%
19/04/2017,7284.1,7166.4,7295.8,7131.1,17.06M,2.31%
20/04/2017,7166.4,7284.1,7295.8,7166.4,8.87M,-1.62%
21/04/2017,7166.4,7154.6,7213.5,7107.5,8.04M,0.00%
24/04/2017,7072.2,7178.1,7189.9,7036.9,10.35M,-1.31%
25/04/2017,7013.4,7060.5,7107.5,6978.1,13.07M,-0.83%
26/04/2017,6872.2,6989.9,6989.9,6754.5,18.73M,-2.01%
27/04/2017,6942.8,6895.7,6989.9,6754.5,26.23M,1.03%
28/04/2017,6919.3,6872.2,6931,6860.4,31.57M,-0.34%
3/5/2017,6848.7,6919.3,6942.8,6848.7,9.48M,-1.02%
4/5/2017,6872.2,6860.4,6919.3,6848.7,10.47M,0.34%
5/5/2017,6872.2,6872.2,6895.7,6872.2,10.22M,0.00%
8/5/2017,6860.4,6872.2,6895.7,6848.7,13.58M,-0.17%
9/5/2017,6989.9,6884,7013.4,6848.7,17.46M,1.89%
10/5/2017,7060.5,7060.5,7119.3,7036.9,16.01M,1.01%
11/5/2017,7095.8,7084,7154.6,7084,16.32M,0.50%
12/5/2017,6989.9,7095.8,7107.5,6942.8,12.39M,-1.49%
15/05/2017,6942.8,6989.9,7001.6,6931,14.03M,-0.67%
16/05/2017,6825.1,6942.8,6954.6,6825.1,23.27M,-1.70%
17/05/2017,6836.9,6825.1,6919.3,6825.1,10.28M,0.17%
18/05/2017,6707.5,6825.1,6872.2,6707.5,16.04M,-1.89%
19/05/2017,6754.5,6754.5,6778.1,6683.9,10.55M,0.70%
22/05/2017,6801.6,6754.5,6895.7,6754.5,9.69M,0.70%
23/05/2017,6836.9,6848.7,6848.7,6801.6,13.77M,0.52%
24/05/2017,6907.5,6825.1,6931,6813.4,13.47M,1.03%
25/05/2017,6907.5,6919.3,6978.1,6884,8.52M,0.00%
26/05/2017,6872.2,6895.7,6919.3,6848.7,7.56M,-0.51%
29/05/2017,7013.4,6895.7,7036.9,6895.7,18.88M,2.05%
30/05/2017,6907.5,7025.2,7025.2,6907.5,13.87M,-1.51%
31/05/2017,7154.6,6895.7,7272.3,6895.7,34.15M,3.58%
1/6/2017,7131.1,7225.2,7225.2,7095.8,16.03M,-0.33%
2/6/2017,7060.5,7131.1,7142.8,7025.2,14.57M,-0.99%
5/6/2017,7048.7,7060.5,7119.3,7025.2,18.86M,-0.17%
6/6/2017,7178.1,7036.9,7178.1,7013.4,29.16M,1.84%
7/6/2017,7390,7213.5,7413.5,7213.5,33.62M,2.95%
8/6/2017,7413.5,7413.5,7460.6,7342.9,22.05M,0.32%
9/6/2017,7401.7,7401.7,7460.6,7366.4,16.17M,-0.16%
12/6/2017,7272.3,7378.2,7390,7248.8,18.01M,-1.75%
13/06/2017,7390,7248.8,7390,7237,15.31M,1.62%
14/06/2017,7448.8,7425.3,7472.3,7378.2,19.68M,0.80%
15/06/2017,7625.3,7448.8,7672.4,7448.8,48.04M,2.37%
16/06/2017,7755.2,7943.7,7968.9,7704.9,36.49M,1.70%
19/06/2017,7667.2,7792.9,7818,7642.1,17.55M,-1.13%
20/06/2017,7767.8,7642.1,7767.8,7642.1,12.88M,1.31%
21/06/2017,7692.3,7742.6,7742.6,7629.5,14.83M,-0.97%
22/06/2017,7730.1,7679.8,7755.2,7667.2,8.14M,0.49%
23/06/2017,7742.6,7742.6,7742.6,7667.2,11.61M,0.16%
26/06/2017,7755.2,7717.5,7780.3,7679.8,9.63M,0.16%
27/06/2017,7704.9,7755.2,7755.2,7692.3,10.25M,-0.65%
28/06/2017,7717.5,7704.9,7730.1,7679.8,7.51M,0.16%
29/06/2017,7830.6,7704.9,7906,7704.9,17.30M,1.47%
30/06/2017,8044.3,7893.5,8044.3,7843.2,28.10M,2.73%
3/7/2017,8295.7,8044.3,8547.1,8044.3,30.58M,3.13%
4/7/2017,8295.7,8295.7,8433.9,8258,18.41M,0.00%
5/7/2017,8270.5,8358.5,8358.5,8220.3,11.51M,-0.30%
6/7/2017,8371.1,8295.7,8421.4,8270.5,21.56M,1.22%
7/7/2017,8295.7,8421.4,8433.9,8283.1,20.26M,-0.90%
10/7/2017,8320.8,8295.7,8371.1,8283.1,20.62M,0.30%
11/7/2017,8270.5,8345.9,8345.9,8094.6,21.89M,-0.60%
12/7/2017,8295.7,8295.7,8345.9,8220.3,13.53M,0.30%
13/07/2017,8446.5,8308.2,8446.5,8270.5,11.48M,1.82%
14/07/2017,8471.6,8534.5,8660.2,8471.6,14.60M,0.30%
17/07/2017,8258,8484.2,8484.2,8170,19.38M,-2.52%
18/07/2017,8056.9,7994,8082,7918.6,29.30M,-2.44%
19/07/2017,7994,8056.9,8132.3,7994,15.19M,-0.78%
20/07/2017,7956.3,7893.5,7981.4,7742.6,22.43M,-0.47%
21/07/2017,7893.5,7931.2,7968.9,7868.3,17.54M,-0.79%
24/07/2017,7943.7,7830.6,7994,7818,11.67M,0.64%
25/07/2017,8044.3,7906,8094.6,7906,8.83M,1.27%
26/07/2017,8245.4,8094.6,8270.5,8056.9,10.66M,2.50%
27/07/2017,8157.4,8258,8258,8144.8,5.72M,-1.07%
28/07/2017,8157.4,8119.7,8232.8,8119.7,5.94M,0.00%
31/07/2017,8119.7,8069.4,8144.8,8006.6,11.80M,-0.46%
1/8/2017,8220.3,8044.3,8270.5,8044.3,14.54M,1.24%
2/8/2017,8119.7,8170,8207.7,8107.1,8.27M,-1.22%
3/8/2017,8119.7,8119.7,8170,8082,5.13M,0.00%
4/8/2017,8044.3,8094.6,8119.7,8031.7,6.09M,-0.93%
7/8/2017,8107.1,8044.3,8132.3,8019.1,5.70M,0.78%
8/8/2017,8119.7,8132.3,8157.4,8094.6,5.48M,0.16%
9/8/2017,8006.6,8069.4,8119.7,7981.4,9.15M,-1.39%
10/8/2017,8044.3,7994,8044.3,7981.4,7.25M,0.47%
11/8/2017,8220.3,8031.7,8232.8,8031.7,11.19M,2.19%
14/08/2017,8547.1,8220.3,8547.1,8207.7,24.61M,3.98%
15/08/2017,8421.4,8647.6,8647.6,8396.2,17.53M,-1.47%
16/08/2017,8609.9,8421.4,8609.9,8371.1,28.09M,2.24%
17/08/2017,8459.1,8609.9,8609.9,8459.1,11.88M,-1.75%
18/08/2017,8484.2,8421.4,8547.1,8383.7,11.62M,0.30%
21/08/2017,8320.8,8471.6,8484.2,8308.2,12.56M,-1.93%
22/08/2017,8358.5,8270.5,8408.8,8245.4,11.41M,0.45%
23/08/2017,8421.4,8308.2,8421.4,8283.1,7.98M,0.75%
24/08/2017,8471.6,8371.1,8509.3,8371.1,12.81M,0.60%
25/08/2017,8521.9,8446.5,8534.5,8433.9,21.69M,0.59%
28/08/2017,8647.6,8547.1,8647.6,8521.9,20.17M,1.48%
29/08/2017,8660.2,8622.5,8748.2,8609.9,19.69M,0.15%
30/08/2017,8760.7,8660.2,8798.4,8660.2,13.71M,1.16%
31/08/2017,8811,8748.2,8886.4,8748.2,15.02M,0.57%
1/9/2017,8823.6,8811,8848.7,8760.7,10.81M,0.14%
5/9/2017,8899,8823.6,8911.6,8785.9,12.44M,0.85%
6/9/2017,9049.8,8899,9049.8,8899,23.31M,1.69%
7/9/2017,8924.1,9075,9075,8873.9,20.33M,-1.39%
8/9/2017,9037.3,8924.1,9062.4,8861.3,16.07M,1.27%
11/9/2017,8873.9,9024.7,9049.8,8873.9,11.34M,-1.81%
12/9/2017,8911.6,8873.9,8911.6,8773.3,12.10M,0.42%
13/09/2017,9276.1,8974.4,9276.1,8949.3,22.68M,4.09%
14/09/2017,9225.8,9301.2,9376.6,9175.5,11.42M,-0.54%
15/09/2017,9301.2,9175.5,9313.8,9150.4,16.25M,0.82%
18/09/2017,9464.6,9376.6,9552.6,9364.1,17.77M,1.76%
19/09/2017,9552.6,9527.5,9716,9489.7,19.61M,0.93%
20/09/2017,9527.5,9565.2,9602.9,9477.2,11.76M,-0.26%
21/09/2017,9426.9,9552.6,9577.7,9376.6,16.49M,-1.06%
22/09/2017,9477.2,9414.3,9602.9,9389.2,12.68M,0.53%
25/09/2017,9426.9,9489.7,9489.7,9401.8,7.84M,-0.53%
26/09/2017,9401.8,9401.8,9452,9313.8,14.05M,-0.27%
27/09/2017,9477.2,9401.8,9514.9,9401.8,7.72M,0.80%
28/09/2017,9489.7,9489.7,9602.9,9477.2,11.30M,0.13%
29/09/2017,9778.8,9489.7,9791.4,9489.7,23.35M,3.05%
2/10/2017,9816.5,9791.4,9841.7,9716,16.59M,0.39%
3/10/2017,9753.7,9804,9866.8,9653.1,13.42M,-0.64%
4/10/2017,9967.4,9778.8,9967.4,9728.6,9.86M,2.19%
5/10/2017,9753.7,9967.4,10030.2,9753.7,20.47M,-2.14%
6/10/2017,9766.3,9753.7,9854.2,9678.3,11.95M,0.13%
9/10/2017,9917.1,9804,9917.1,9753.7,8.35M,1.54%
10/10/2017,9979.9,9917.1,9979.9,9892,7.62M,0.63%
11/10/2017,9942.2,9979.9,9992.5,9904.5,11.21M,-0.38%
12/10/2017,9929.7,9954.8,10055.4,9879.4,24.94M,-0.13%
13/10/2017,9791.4,9917.1,9942.2,9778.8,13.34M,-1.39%
16/10/2017,9552.6,9804,9804,9502.3,21.00M,-2.44%
17/10/2017,9804,9527.5,9804,9527.5,16.13M,2.63%
18/10/2017,9653.1,9804,9879.4,9602.9,12.49M,-1.54%
19/10/2017,9502.3,9552.6,9665.7,9489.7,14.75M,-1.56%
20/10/2017,9414.3,9502.3,9540,9276.1,19.68M,-0.93%
23/10/2017,9326.3,9326.3,9426.9,9213.2,13.60M,-0.93%
24/10/2017,9426.9,9414.3,9426.9,9313.8,9.72M,1.08%
25/10/2017,9389.2,9401.8,9477.2,9389.2,7.15M,-0.40%
26/10/2017,9301.2,9389.2,9389.2,9225.8,11.46M,-0.94%
27/10/2017,9477.2,9313.8,9477.2,9276.1,8.84M,1.89%
30/10/2017,9250.9,9502.3,9502.3,9250.9,12.20M,-2.39%
31/10/2017,9301.2,9250.9,9401.8,9125.2,13.79M,0.54%
1/11/2017,8974.4,9250.9,9276.1,8961.8,21.83M,-3.51%
2/11/2017,8748.2,8974.4,9100.1,8748.2,17.80M,-2.52%
3/11/2017,9100.1,8798.4,9100.1,8748.2,15.18M,4.02%
6/11/2017,9276.1,9175.5,9313.8,9150.4,11.16M,1.93%
7/11/2017,9276.1,9301.2,9301.2,9200.7,9.96M,0.00%
8/11/2017,9313.8,9276.1,9376.6,9213.2,17.73M,0.41%
9/11/2017,9313.8,9351.5,9364.1,9288.6,11.44M,0.00%
10/11/2017,9364.1,9351.5,9364.1,9276.1,10.33M,0.54%
13/11/2017,9213.2,9364.1,9364.1,9125.2,9.74M,-1.61%
14/11/2017,9401.8,9250.9,9502.3,9200.7,12.35M,2.05%
15/11/2017,9741.1,9426.9,9778.8,9414.3,22.70M,3.61%
16/11/2017,9716,9728.6,9854.2,9678.3,14.66M,-0.26%
17/11/2017,9602.9,9703.4,9728.6,9540,10.83M,-1.16%
20/11/2017,9401.8,9602.9,9602.9,9351.5,19.29M,-2.09%
21/11/2017,9439.5,9426.9,9552.6,9414.3,15.78M,0.40%
22/11/2017,9628,9527.5,9703.4,9502.3,15.40M,2.00%
23/11/2017,9602.9,9703.4,9728.6,9502.3,19.35M,-0.26%
24/11/2017,9829.1,9602.9,9854.2,9602.9,24.46M,2.36%
27/11/2017,9866.8,9854.2,9917.1,9791.4,20.13M,0.38%
28/11/2017,9904.5,9929.7,9967.4,9829.1,14.12M,0.38%
29/11/2017,9879.4,9879.4,9904.5,9804,14.19M,-0.25%
30/11/2017,10357,9954.8,10407.3,9954.8,43.92M,4.83%
1/12/2017,10432.4,10344.4,10482.7,10306.7,16.74M,0.73%
4/12/2017,10558.1,10407.3,10583.3,10382.2,16.96M,1.20%
5/12/2017,10457.6,10558.1,10621,10457.6,21.66M,-0.95%
6/12/2017,10621,10533,10621,10206.2,27.49M,1.56%
7/12/2017,10545.6,10621,10633.5,10457.6,15.14M,-0.71%
8/12/2017,10357,10533,10533,10331.9,13.51M,-1.79%
11/12/2017,10105.6,10206.2,10319.3,10105.6,14.48M,-2.43%
12/12/2017,9979.9,10130.8,10281.6,9552.6,26.47M,-1.24%
13/12/2017,10130.8,10155.9,10155.9,9979.9,16.02M,1.51%
14/12/2017,10218.8,10130.8,10256.5,10118.2,8.36M,0.87%
15/12/2017,10482.7,10294.2,10545.6,10294.2,21.20M,2.58%
18/12/2017,10809.5,10608.4,10809.5,10495.3,22.94M,3.12%
19/12/2017,10960.3,10910.1,11136.3,10847.2,28.42M,1.40%
20/12/2017,11060.9,10859.8,11186.6,10859.8,16.66M,0.92%
21/12/2017,11086,10985.5,11362.6,10985.5,23.62M,0.23%
22/12/2017,11148.9,11136.3,11287.1,11086,22.55M,0.57%
25/12/2017,11023.2,11148.9,11174,11010.6,8.99M,-1.13%
26/12/2017,11035.8,10935.2,11161.4,10922.6,14.25M,0.11%
27/12/2017,11412.8,11035.8,11463.1,11035.8,29.18M,3.42%
28/12/2017,11513.4,11412.8,11563.7,11287.1,12.67M,0.88%
29/12/2017,11777.3,11551.1,11789.9,11526,19.60M,2.29%
2/1/2018,11991,11789.9,12003.6,11676.8,15.73M,1.81%
3/1/2018,11965.9,12066.4,12192.1,11890.5,18.51M,-0.21%
4/1/2018,12116.7,12016.2,12167,11965.9,17.79M,1.26%
5/1/2018,12066.4,12091.6,12179.6,11978.4,14.03M,-0.42%
8/1/2018,12443.5,11991,12443.5,11940.7,14.19M,3.13%
9/1/2018,13298.2,12518.9,13298.2,12493.8,21.86M,6.87%
10/1/2018,12996.5,13449,13574.7,12720,23.89M,-2.27%
11/1/2018,12996.5,12946.3,13046.8,12669.7,20.26M,0.00%
12/1/2018,13097.1,13072,13298.2,12870.9,20.67M,0.77%
15/01/2018,13725.6,13046.8,13725.6,12971.4,13.06M,4.80%
16/01/2018,14077.5,13650.1,14077.5,13474.2,16.59M,2.56%
17/01/2018,13474.2,13926.7,14127.8,13474.2,19.27M,-4.29%
18/01/2018,14077.5,13423.9,14077.5,13273.1,21.24M,4.48%
19/01/2018,15007.6,14077.5,15057.9,13976.9,27.72M,6.61%
22/01/2018,15988,14957.3,16038.3,14957.3,25.54M,6.53%
25/01/2018,15460.1,16314.8,16340,15334.4,52.79M,-3.30%
26/01/2018,16063.4,15585.8,16214.3,15334.4,19.16M,3.90%
29/01/2018,15460.1,16214.3,16340,15460.1,19.55M,-3.76%
30/01/2018,15409.8,15208.7,15460.1,14706,39.45M,-0.33%
31/01/2018,15661.2,15409.8,16038.3,15334.4,21.24M,1.63%
1/2/2018,15334.4,15661.2,15837.2,15208.7,10.78M,-2.09%
2/2/2018,15359.6,15334.4,15435,15007.6,14.08M,0.16%
5/2/2018,14328.9,15057.9,15183.6,14328.9,28.05M,-6.71%
6/2/2018,14580.3,13348.5,14932.2,13348.5,57.39M,1.75%
7/2/2018,14957.3,15208.7,15460.1,14856.8,21.78M,2.59%
8/2/2018,15007.6,14957.3,15284.1,14781.4,17.76M,0.34%
9/2/2018,14655.7,14278.6,14932.2,14278.6,34.61M,-2.34%
12/2/2018,14781.4,14655.7,15007.6,14555.1,25.21M,0.86%
13/02/2018,15233.9,14831.7,15359.6,14831.7,20.24M,3.06%
21/02/2018,15083,15460.1,15535.5,15007.6,33.65M,-0.99%
22/02/2018,14806.5,14957.3,14982.5,14756.2,18.89M,-1.83%
23/02/2018,15485.2,14831.7,15585.8,14781.4,41.00M,4.58%
26/02/2018,16189.1,15812,16239.4,15636.1,33.58M,4.55%
27/02/2018,16113.7,16314.8,16314.8,15937.7,29.82M,-0.47%
28/02/2018,16591.3,15962.9,16591.3,15812,42.36M,2.96%
1/3/2018,16767.3,16566.2,17043.8,16340,24.98M,1.06%
2/3/2018,16666.8,16365.1,16767.3,16264.5,29.69M,-0.60%
5/3/2018,15510.4,16641.6,16666.8,15510.4,72.68M,-6.94%
6/3/2018,16063.4,15585.8,16113.7,14881.9,32.75M,3.57%
7/3/2018,15359.6,15460.1,16063.4,15208.7,25.73M,-4.38%
8/3/2018,15535.5,15309.3,15736.6,15108.2,18.31M,1.15%
9/3/2018,15460.1,15585.8,15686.4,15384.7,18.37M,-0.49%
12/3/2018,15585.8,15460.1,15686.4,15435,11.37M,0.81%
13/03/2018,15460.1,15560.7,15585.8,15384.7,11.21M,-0.81%
14/03/2018,15535.5,15560.7,15661.2,15510.4,10.17M,0.49%
15/03/2018,15233.9,15460.1,15460.1,15183.6,15.90M,-1.94%
16/03/2018,15133.3,15158.4,15309.3,14982.5,36.92M,-0.66%
19/03/2018,15862.3,15334.4,16063.4,15334.4,20.00M,4.82%
20/03/2018,15460.1,15786.9,15812,15460.1,13.12M,-2.54%
21/03/2018,15837.2,15485.2,15937.7,15485.2,18.65M,2.44%
22/03/2018,15786.9,15837.2,16164,15711.5,25.23M,-0.32%
23/03/2018,15435,15208.7,15585.8,15208.7,20.78M,-2.23%
26/03/2018,14806.5,15259,15409.8,14706,42.41M,-4.07%
27/03/2018,14932.2,14731.1,15057.9,14731.1,22.22M,0.85%
28/03/2018,15057.9,14932.2,15133.3,14781.4,9.24M,0.84%
29/03/2018,15284.1,15083,15384.7,15032.8,14.12M,1.50%
30/03/2018,15183.6,15384.7,15409.8,15108.2,9.88M,-0.66%
2/4/2018,14831.7,15208.7,15233.9,14831.7,23.36M,-2.32%
3/4/2018,14706,14831.7,14957.3,14454.6,24.34M,-0.85%
4/4/2018,14831.7,14831.7,14907.1,14706,11.15M,0.85%
5/4/2018,14781.4,14907.1,14932.2,14731.1,8.01M,-0.34%
6/4/2018,15183.6,14756.2,15183.6,14706,18.78M,2.72%
9/4/2018,15284.1,15233.9,15384.7,15083,17.17M,0.66%
10/4/2018,15284.1,15284.1,15359.6,15108.2,17.83M,0.00%
11/4/2018,15208.7,15334.4,15585.8,15183.6,27.56M,-0.49%
12/4/2018,15510.4,15133.3,15560.7,15057.9,17.30M,1.98%
13/04/2018,15384.7,15585.8,15610.9,15309.3,12.55M,-0.81%
16/04/2018,15108.2,15208.7,15334.4,15108.2,8.35M,-1.80%
17/04/2018,15007.6,15183.6,15183.6,14831.7,12.91M,-0.67%
18/04/2018,14831.7,15057.9,15133.3,14831.7,10.57M,-1.17%
19/04/2018,14328.9,14731.1,14856.8,14328.9,19.62M,-3.39%
20/04/2018,14781.4,14328.9,14781.4,14127.8,12.64M,3.16%
23/04/2018,13976.9,14806.5,14806.5,13951.8,10.82M,-5.44%
24/04/2018,14077.5,13951.8,14303.7,13826.1,14.60M,0.72%
26/04/2018,13449,14077.5,14278.6,13348.5,17.83M,-4.46%
27/04/2018,13524.5,13449,13574.7,13021.7,19.68M,0.56%
2/5/2018,13675.3,13675.3,13926.7,13398.8,16.09M,1.12%
3/5/2018,13650.1,13650.1,13700.4,13423.9,20.41M,-0.18%
4/5/2018,13574.7,13775.8,13901.5,13549.6,9.96M,-0.55%
7/5/2018,14077.5,13675.3,14077.5,13549.6,14.46M,3.70%
8/5/2018,14328.9,14052.4,14555.1,13876.4,17.97M,1.79%
9/5/2018,14328.9,14278.6,14454.6,14102.6,7.73M,0.00%
10/5/2018,13876.4,14253.5,14303.7,13826.1,10.07M,-3.16%
11/5/2018,14002.1,13725.6,14027.2,13700.4,10.46M,0.91%
14/05/2018,14027.2,14102.6,14152.9,13826.1,10.73M,0.18%
15/05/2018,13926.7,14052.4,14127.8,13876.4,9.52M,-0.72%
16/05/2018,13574.7,13851.3,14127.8,13549.6,12.05M,-2.53%
17/05/2018,13323.3,13574.7,13625,13273.1,15.78M,-1.85%
18/05/2018,13549.6,13373.6,13549.6,13197.7,14.35M,1.70%
21/05/2018,13373.6,13700.4,13725.6,13373.6,9.07M,-1.30%
22/05/2018,12694.9,13298.2,13323.3,12694.9,24.15M,-5.07%
23/05/2018,12996.5,12644.6,13072,12644.6,12.62M,2.38%
24/05/2018,13172.5,13072,13172.5,12971.4,13.99M,1.35%
25/05/2018,13097.1,13172.5,13398.8,13021.7,20.50M,-0.57%
28/05/2018,12242.4,12720,13072,12242.4,20.34M,-6.53%
29/05/2018,13072,12242.4,13097.1,12242.4,19.10M,6.78%
30/05/2018,13273.1,13097.1,13423.9,12795.4,24.16M,1.54%
31/05/2018,14102.6,13298.2,14102.6,13273.1,35.39M,6.25%
1/6/2018,14328.9,14203.2,14429.4,14102.6,25.47M,1.60%
4/6/2018,15083,14555.1,15083,14404.3,21.64M,5.26%
5/6/2018,14831.7,15083,15133.3,14706,23.47M,-1.67%
6/6/2018,15284.1,14881.9,15334.4,14706,23.24M,3.05%
7/6/2018,15560.7,15334.4,15686.4,15284.1,20.88M,1.81%
8/6/2018,15409.8,15585.8,15585.8,15384.7,13.80M,-0.97%
11/6/2018,15233.9,15334.4,15510.4,15208.7,30.82M,-1.14%
12/6/2018,14957.3,15590.8,15590.8,14675.8,29.00M,-1.82%
13/06/2018,15274.1,14922.1,15344.5,14886.9,10.04M,2.12%
14/06/2018,14992.5,15414.9,15643.6,14974.9,18.00M,-1.84%
15/06/2018,15133.3,14957.3,15133.3,14711,13.20M,0.94%
18/06/2018,14147.9,15027.7,15027.7,14147.9,20.23M,-6.51%
19/06/2018,13496.8,13655.2,13901.5,13197.6,36.04M,-4.60%
20/06/2018,14077.5,13725.6,14077.5,13303.2,15.79M,4.30%
21/06/2018,13813.5,14059.9,14059.9,13725.6,10.62M,-1.88%
22/06/2018,14411.8,13725.6,14411.8,13655.2,19.65M,4.33%
25/06/2018,14605.4,14781.4,14834.2,14447,9.48M,1.34%
26/06/2018,14464.6,14288.7,14482.2,14077.5,7.32M,-0.96%
27/06/2018,13901.5,14394.2,14482.2,13901.5,9.24M,-3.89%
28/06/2018,13672.8,13655.2,14007.1,13584.8,11.66M,-1.65%
29/06/2018,13514.4,13655.2,13795.9,13356,14.16M,-1.16%
2/7/2018,13514.4,13373.6,13549.6,13021.7,17.04M,0.00%
3/7/2018,12775.3,13514.4,13655.2,12775.3,15.94M,-5.47%
4/7/2018,13056.9,12951.3,13180.1,12740.1,10.32M,2.20%
5/7/2018,12704.9,13056.9,13197.6,12599.4,11.63M,-2.70%
6/7/2018,12951.3,12687.3,13303.2,12388.2,14.45M,1.94%
9/7/2018,12564.2,13197.6,13197.6,12458.6,10.53M,-2.99%
10/7/2018,12493.8,12493.8,12704.9,12493.8,8.28M,-0.56%
11/7/2018,12106.6,12282.6,12458.6,11895.5,19.24M,-3.10%
12/7/2018,11877.9,11719.5,12018.7,11684.3,9.11M,-1.89%
13/07/2018,12529,12036.3,12546.6,11983.5,12.95M,5.48%
16/07/2018,12493.8,12704.9,12757.7,12441,9.11M,-0.28%
17/07/2018,12704.9,12317.8,12722.5,12317.8,9.25M,1.69%
18/07/2018,13092.1,12775.3,13144.9,12704.9,17.33M,3.05%
19/07/2018,13092.1,13180.1,13285.6,13056.9,9.62M,0.00%
20/07/2018,12916.1,12951.3,13021.7,12757.7,13.62M,-1.34%
23/07/2018,13004.1,13056.9,13232.8,12880.9,15.32M,0.68%
24/07/2018,12458.6,12986.5,13004.1,12353,33.53M,-4.19%
25/07/2018,12493.8,12458.6,12599.4,12388.2,15.67M,0.28%
26/07/2018,12845.7,12493.8,12845.7,12458.6,22.50M,2.82%
27/07/2018,13127.3,12933.7,13144.9,12792.9,13.17M,2.19%
30/07/2018,13039.3,13232.8,13303.2,12986.5,16.54M,-0.67%
31/07/2018,13144.9,12986.5,13250.4,12863.3,15.80M,0.81%
1/8/2018,13232.8,13162.5,13426.4,13127.3,18.78M,0.67%
2/8/2018,13109.7,13197.6,13197.6,12845.7,16.63M,-0.93%
3/8/2018,12775.3,13197.6,13215.2,12775.3,16.29M,-2.55%
6/8/2018,12722.5,12792.9,12792.9,12529,12.72M,-0.41%
7/8/2018,12722.5,12722.5,12722.5,12599.4,13.32M,0.00%
8/8/2018,12916.1,12740.1,12968.9,12704.9,9.40M,1.52%
9/8/2018,12863.3,12986.5,13092.1,12845.7,12.56M,-0.41%
10/8/2018,13021.7,12828.1,13056.9,12828.1,11.52M,1.23%
13/08/2018,13479.2,12986.5,13496.8,12916.1,31.21M,3.51%
14/08/2018,13549.6,13549.6,13690.4,13461.6,14.55M,0.52%
15/08/2018,13197.6,13549.6,13637.6,13127.3,12.83M,-2.60%
16/08/2018,13197.6,13021.7,13268,13004.1,19.15M,0.00%
17/08/2018,13268,13338.4,13444,13180.1,10.25M,0.53%
20/08/2018,13109.7,13268,13268,13074.5,9.70M,-1.19%
21/08/2018,13197.6,13056.9,13197.6,13039.3,9.37M,0.67%
22/08/2018,13373.6,13232.8,13514.4,13180.1,16.58M,1.33%
23/08/2018,13408.8,13338.4,13496.8,13338.4,10.54M,0.26%
24/08/2018,13496.8,13373.6,13514.4,13303.2,15.54M,0.66%
27/08/2018,13708,13584.8,13831.1,13549.6,14.97M,1.56%
28/08/2018,14042.3,13725.6,14147.9,13725.6,30.15M,2.44%
29/08/2018,13936.7,14077.5,14306.3,13936.7,18.83M,-0.75%
30/08/2018,13954.3,13936.7,14007.1,13778.3,17.65M,0.13%
31/08/2018,14059.9,14007.1,14200.7,13936.7,16.79M,0.76%
4/9/2018,13725.6,13971.9,14042.3,13725.6,12.25M,-2.38%
5/9/2018,13584.8,13655.2,13813.5,13549.6,12.68M,-1.03%
6/9/2018,13602.4,13584.8,13795.9,13549.6,12.28M,0.13%
7/9/2018,13971.9,13584.8,14007.1,13584.8,14.80M,2.72%
10/9/2018,13795.9,13954.3,14007.1,13795.9,7.05M,-1.26%
11/9/2018,14077.5,13743.2,14147.9,13743.2,18.94M,2.04%
12/9/2018,13901.5,14112.7,14165.5,13901.5,15.35M,-1.25%
13/09/2018,13989.5,13971.9,14165.5,13901.5,13.01M,0.63%
14/09/2018,13901.5,14007.1,14095.1,13901.5,12.74M,-0.63%
17/09/2018,13883.9,13831.1,13954.3,13778.3,6.50M,-0.13%
18/09/2018,13883.9,13795.9,13883.9,13655.2,19.94M,0.00%
19/09/2018,13954.3,14007.1,14042.3,13936.7,12.29M,0.51%
20/09/2018,14394.2,14042.3,14394.2,13971.9,27.31M,3.15%
21/09/2018,14535,14429.4,14570.2,14306.3,39.08M,0.98%
24/09/2018,14535,14675.8,14675.8,14464.6,12.13M,0.00%
25/09/2018,14517.4,14429.4,14570.2,14376.6,12.25M,-0.12%
26/09/2018,14429.4,14517.4,14587.8,14429.4,13.73M,-0.61%
27/09/2018,14623,14499.8,14640.6,14464.6,15.31M,1.34%
28/09/2018,14886.9,14640.6,14904.5,14605.4,26.33M,1.80%
1/10/2018,14922.1,14886.9,15115.7,14799,18.66M,0.24%
2/10/2018,14535,14693.4,14799,14482.2,29.03M,-2.59%
3/10/2018,14535,14429.4,14640.6,14429.4,13.67M,0.00%
4/10/2018,14570.2,14499.8,14570.2,14394.2,32.60M,0.24%
5/10/2018,14587.8,14570.2,14746.2,14499.8,16.56M,0.12%
8/10/2018,14499.8,14499.8,14587.8,14447,10.24M,-0.60%
9/10/2018,14429.4,14605.4,14605.4,14429.4,10.15M,-0.49%
10/10/2018,14570.2,14464.6,14693.4,14411.8,18.46M,0.98%
11/10/2018,14042.3,14112.7,14288.7,13831.1,43.78M,-3.62%
12/10/2018,14359,13866.3,14359,13866.3,18.06M,2.26%
15/10/2018,14200.7,14323.8,14323.8,14147.9,11.55M,-1.10%
16/10/2018,14341.4,14200.7,14341.4,14200.7,7.96M,0.99%
17/10/2018,14429.4,14499.8,14517.4,14376.6,14.03M,0.61%
18/10/2018,14429.4,14429.4,14482.2,14323.8,11.18M,0.00%
19/10/2018,14341.4,14323.8,14447,14218.3,13.67M,-0.61%
22/10/2018,14112.7,14359,14411.8,14112.7,7.02M,-1.59%
23/10/2018,13901.5,14059.9,14059.9,13690.4,27.41M,-1.50%
24/10/2018,13795.9,13795.9,14042.3,13795.9,14.27M,-0.76%
25/10/2018,13725.6,13373.6,13778.3,13320.8,19.83M,-0.51%
26/10/2018,13690.4,13831.1,13936.7,13690.4,14.09M,-0.26%
29/10/2018,13672.8,13602.4,13690.4,13584.8,12.21M,-0.13%
30/10/2018,13620,13584.8,13848.7,13584.8,7.35M,-0.39%
31/10/2018,14165.5,13760.7,14165.5,13743.2,11.61M,4.01%
1/11/2018,13936.7,14042.3,14059.9,13866.3,6.14M,-1.62%
2/11/2018,14077.5,14077.5,14130.3,14007.1,9.84M,1.01%
5/11/2018,14077.5,13936.7,14077.5,13901.5,6.12M,0.00%
6/11/2018,13936.7,14112.7,14130.3,13936.7,4.65M,-1.00%
7/11/2018,13778.3,13936.7,14007.1,13778.3,7.70M,-1.14%
8/11/2018,13690.4,14024.7,14024.7,13690.4,7.67M,-0.64%
9/11/2018,13232.8,13584.8,13672.8,13232.8,15.63M,-3.34%
12/11/2018,13215.2,13232.8,13285.6,13074.5,7.68M,-0.13%
13/11/2018,12986.5,13021.7,13127.3,12951.3,14.79M,-1.73%
14/11/2018,12599.4,12968.9,12968.9,12405.8,22.65M,-2.98%
15/11/2018,12317.8,12493.8,12652.1,12229.8,18.70M,-2.24%
16/11/2018,12388.2,12493.8,12564.2,12335.4,6.36M,0.57%
19/11/2018,12476.2,12493.8,12599.4,12370.6,4.56M,0.71%
20/11/2018,12845.7,12529,12898.5,12458.6,15.63M,2.96%
21/11/2018,12845.7,12687.3,12951.3,12669.7,10.42M,0.00%
22/11/2018,12599.4,12880.9,12933.7,12599.4,7.51M,-1.92%
23/11/2018,12511.4,12599.4,12669.7,12493.8,5.63M,-0.70%
26/11/2018,12529,12529,12740.1,12511.4,6.78M,0.14%
27/11/2018,12529,12599.4,12740.1,12529,5.19M,0.00%
28/11/2018,12388.2,12564.2,12617,12300.2,11.20M,-1.12%
29/11/2018,12036.3,12458.6,12546.6,12036.3,11.11M,-2.84%
30/11/2018,11684.3,11965.9,11965.9,11684.3,20.45M,-2.92%
3/12/2018,12247.4,11965.9,12317.8,11965.9,10.32M,4.82%
4/12/2018,12177,12317.8,12388.2,12053.9,11.80M,-0.57%
5/12/2018,12423.4,12089,12493.8,12053.9,22.15M,2.02%
6/12/2018,12177,12353,12458.6,12141.8,12.68M,-1.98%
7/12/2018,12194.6,12282.6,12317.8,12159.4,9.21M,0.14%
10/12/2018,11877.9,12141.8,12177,11842.7,14.78M,-2.60%
11/12/2018,11772.3,11825.1,11948.3,11543.5,19.11M,-0.89%
12/12/2018,11825.1,11789.9,11877.9,11613.9,9.81M,0.45%
13/12/2018,11965.9,11913.1,12001.1,11860.3,15.00M,1.19%
14/12/2018,11789.9,11948.3,11948.3,11754.7,10.58M,-1.47%
17/12/2018,11402.8,11789.9,11789.9,11402.8,12.27M,-3.28%
18/12/2018,10945.3,11156.4,11279.6,10786.9,22.34M,-4.01%
19/12/2018,10452.5,10945.3,11050.8,10206.2,30.03M,-4.50%
20/12/2018,10540.5,10417.3,10610.9,10311.8,16.70M,0.84%
21/12/2018,10540.5,10311.8,10558.1,10311.8,12.21M,0.00%
24/12/2018,10734.1,10540.5,10734.1,10540.5,8.93M,1.84%
25/12/2018,10698.9,10434.9,10698.9,10188.6,13.14M,-0.33%
26/12/2018,10663.7,10698.9,10698.9,10470.1,10.48M,-0.33%
27/12/2018,10892.5,10857.3,10945.3,10663.7,13.34M,2.15%
28/12/2018,10892.5,10839.7,10892.5,10734.1,20.46M,0.00%
2/1/2019,10839.7,10874.9,11068.4,10839.7,11.49M,-0.48%
3/1/2019,10382.2,10822.1,10874.9,10382.2,18.83M,-4.22%
4/1/2019,10452.5,10347,10558.1,10100.6,15.99M,0.68%
7/1/2019,10329.4,10663.7,10681.3,10259,6.81M,-1.18%
8/1/2019,10153.4,10347,10382.2,10100.6,8.63M,-1.70%
9/1/2019,10382.2,10206.2,10487.7,10206.2,5.14M,2.25%
10/1/2019,10487.7,10417.3,10593.3,10382.2,4.88M,1.02%
11/1/2019,10329.4,10487.7,10522.9,10329.4,7.28M,-1.51%
14/01/2019,10311.8,10347,10364.6,10153.4,8.83M,-0.17%
15/01/2019,10311.8,10311.8,10417.3,10259,7.23M,0.00%
16/01/2019,10364.6,10347,10434.9,10259,8.16M,0.51%
17/01/2019,10171,10364.6,10364.6,10171,5.36M,-1.87%
18/01/2019,10276.6,10311.8,10364.6,10259,5.81M,1.04%
21/01/2019,10399.7,10311.8,10470.1,10276.6,5.25M,1.20%
22/01/2019,10382.2,10452.5,10505.3,10364.6,4.56M,-0.17%
23/01/2019,10575.7,10347,10698.9,10329.4,10.37M,1.86%
24/01/2019,10505.3,10593.3,10698.9,10505.3,6.54M,-0.67%
25/01/2019,10452.5,10558.1,10593.3,10399.7,4.41M,-0.50%
28/01/2019,10470.1,10487.7,10487.7,10417.3,4.69M,0.17%
29/01/2019,10452.5,10505.3,10505.3,10382.2,4.97M,-0.17%
30/01/2019,10206.2,10417.3,10417.3,10153.4,18.52M,-2.36%
31/01/2019,9748.7,10206.2,10259,9713.5,19.63M,-4.48%
1/2/2019,9607.9,9801.5,9924.6,9502.3,19.44M,-1.44%
11/2/2019,10171,9766.3,10171,9713.5,7.77M,5.86%
12/2/2019,10382.2,10171,10505.3,10118.2,21.77M,2.08%
13/02/2019,10874.9,10382.2,10945.3,10382.2,30.33M,4.75%
14/02/2019,10910.1,10874.9,11015.6,10839.7,17.67M,0.32%
15/02/2019,11121.2,10910.1,11438,10839.7,25.53M,1.93%
18/02/2019,11314.8,11297.2,11455.6,11244.4,17.45M,1.74%
19/02/2019,11156.4,11420.4,11438,11138.8,16.17M,-1.40%
20/02/2019,11332.4,11156.4,11367.6,11138.8,16.09M,1.58%
21/02/2019,11508.4,11367.6,11508.4,11226.8,16.45M,1.55%
22/02/2019,11930.7,11490.8,11948.3,11455.6,22.64M,3.67%
25/02/2019,12247.4,12124.2,12511.4,12036.3,32.26M,2.65%
26/02/2019,12141.8,12247.4,12458.6,12053.9,20.21M,-0.86%
27/02/2019,12106.6,12300.2,12300.2,12018.7,13.69M,-0.29%
28/02/2019,11825.1,12159.4,12177,11825.1,19.04M,-2.33%
1/3/2019,12053.9,11825.1,12053.9,11825.1,12.62M,1.93%
4/3/2019,12441,12229.8,12441,12212.2,13.74M,3.21%
5/3/2019,12335.4,12353,12529,12300.2,15.62M,-0.85%
6/3/2019,12317.8,12317.8,12388.2,12106.6,9.24M,-0.14%
7/3/2019,12001.1,12317.8,12335.4,12001.1,12.47M,-2.57%
8/3/2019,11948.3,11789.9,12071.5,11754.7,12.74M,-0.44%
11/3/2019,11895.5,12036.3,12036.3,11825.1,13.30M,-0.44%
12/3/2019,11913.1,12001.1,12018.7,11860.3,14.41M,0.15%
13/03/2019,12089,11965.9,12089,11930.7,8.76M,1.48%
14/03/2019,12036.3,12089,12194.6,11930.7,12.27M,-0.44%
15/03/2019,11226.8,11613.9,11649.1,11209.2,46.62M,-6.73%
18/03/2019,11209.2,11086,11402.8,10751.7,28.96M,-0.16%
19/03/2019,11226.8,11191.6,11244.4,10945.3,20.22M,0.16%
20/03/2019,11367.6,11086,11473.2,11086,15.40M,1.25%
21/03/2019,11262,11367.6,11420.4,11244.4,7.50M,-0.93%
22/03/2019,11244.4,11297.2,11332.4,11209.2,11.48M,-0.16%
25/03/2019,11050.8,10945.3,11138.8,10945.3,10.23M,-1.72%
26/03/2019,11121.2,11121.2,11174,11015.6,9.63M,0.64%
27/03/2019,11385.2,11226.8,11385.2,11138.8,6.95M,2.37%
28/03/2019,11420.4,11314.8,11420.4,11297.2,6.88M,0.31%
29/03/2019,11332.4,11455.6,11508.4,11226.8,17.89M,-0.77%
1/4/2019,11244.4,11279.6,11332.4,11226.8,10.05M,-0.78%
2/4/2019,11297.2,11332.4,11350,11244.4,4.92M,0.47%
3/4/2019,11297.2,11262,11314.8,11226.8,10.34M,0.00%
4/4/2019,11402.8,11314.8,11402.8,11262,7.57M,0.93%
5/4/2019,11438,11402.8,11490.8,11350,5.03M,0.31%
8/4/2019,11402.8,11438,11490.8,11367.6,3.78M,-0.31%
9/4/2019,11297.2,11420.4,11438,11262,7.90M,-0.93%
10/4/2019,11244.4,11262,11279.6,11138.8,6.04M,-0.47%
11/4/2019,11244.4,11262,11279.6,11209.2,4.15M,0.00%
12/4/2019,11279.6,11244.4,11279.6,11209.2,4.32M,0.31%
16/04/2019,11174,11226.8,11262,11103.6,4.23M,-0.94%
17/04/2019,11121.2,11174,11209.2,11086,5.09M,-0.47%
18/04/2019,11015.6,11050.8,11103.6,11015.6,6.54M,-0.95%
19/04/2019,11121.2,11033.2,11156.4,11033.2,3.32M,0.96%
22/04/2019,11209.2,11033.2,11297.2,11033.2,4.99M,0.79%
23/04/2019,11226.8,11262,11262,11209.2,4.62M,0.16%
24/04/2019,11737.1,11262,11737.1,11226.8,15.88M,4.55%
25/04/2019,11649.1,11789.9,11842.7,11613.9,11.21M,-0.75%
26/04/2019,11825.1,11684.3,11895.5,11649.1,7.72M,1.51%
2/5/2019,11965.9,11860.3,11965.9,11719.5,10.42M,1.19%
3/5/2019,12018.7,11965.9,12106.6,11860.3,9.57M,0.44%
6/5/2019,11772.3,11754.7,11895.5,11684.3,12.32M,-2.05%
7/5/2019,11789.9,11895.5,11895.5,11754.7,7.72M,0.15%
8/5/2019,11666.7,11701.9,11719.5,11613.9,7.70M,-1.04%
9/5/2019,11578.7,11631.5,11701.9,11473.2,5.78M,-0.75%
10/5/2019,11561.1,11649.1,11684.3,11473.2,5.23M,-0.15%
13/05/2019,11279.6,11596.3,11596.3,11262,10.43M,-2.43%
14/05/2019,11402.8,11156.4,11402.8,11156.4,4.98M,1.09%
15/05/2019,11402.8,11402.8,11508.4,11367.6,6.95M,0.00%
16/05/2019,11367.6,11420.4,11508.4,11367.6,3.77M,-0.31%
17/05/2019,11350,11367.6,11402.8,11332.4,4.08M,-0.15%
20/05/2019,11543.5,11350,11631.5,11350,6.07M,1.70%
21/05/2019,11578.7,11596.3,11684.3,11543.5,5.88M,0.30%
22/05/2019,11613.9,11613.9,11754.7,11578.7,6.88M,0.30%
23/05/2019,11525.9,11613.9,11631.5,11490.8,6.94M,-0.76%
24/05/2019,11314.8,11438,11490.8,11314.8,10.04M,-1.83%
27/05/2019,11332.4,11297.2,11385.2,11297.2,4.65M,0.16%
28/05/2019,11279.6,11438,11438,11279.6,7.77M,-0.47%
29/05/2019,11438,11367.6,11438,11279.6,4.55M,1.40%
30/05/2019,11262,11438,11438,11244.4,11.48M,-1.54%
31/05/2019,11297.2,11262,11332.4,11262,9.29M,0.31%
3/6/2019,11086,11279.6,11297.2,11050.8,33.61M,-1.87%
4/6/2019,11117.7,11255,11346.5,11003.3,7.03M,0.29%
5/6/2019,10888.9,11163.4,11300.7,10843.2,6.29M,-2.06%
6/6/2019,10385.7,10934.7,10934.7,10225.5,14.92M,-4.62%
7/6/2019,10500,10522.9,10660.2,10454.3,10.74M,1.10%
10/6/2019,10477.2,10637.3,10705.9,10454.3,13.83M,-0.22%
11/6/2019,10522.9,10522.9,10614.4,10385.7,9.29M,0.44%
12/6/2019,10568.7,10477.2,10637.3,10454.3,6.60M,0.44%
13/06/2019,10522.9,10705.9,10705.9,10477.2,5.31M,-0.43%
14/06/2019,10500,10522.9,10545.8,10500,4.36M,-0.22%
17/06/2019,10271.3,10500,10522.9,10271.3,7.67M,-2.18%
18/06/2019,10545.8,10271.3,10568.7,10271.3,10.65M,2.67%
19/06/2019,10911.8,10728.8,10911.8,10660.2,17.62M,3.47%
20/06/2019,10797.4,11026.2,11026.2,10797.4,9.20M,-1.05%
21/06/2019,10843.2,10934.7,10934.7,10797.4,9.33M,0.42%
24/06/2019,10683.1,10888.9,11003.3,10660.2,6.51M,-1.48%
25/06/2019,10568.7,10614.4,10705.9,10522.9,6.92M,-1.07%
26/06/2019,10477.2,10545.8,10637.3,10477.2,4.01M,-0.87%
27/06/2019,10317,10477.2,10500,10317,7.91M,-1.53%
28/06/2019,10751.7,10317,10751.7,10271.3,8.26M,4.21%
1/7/2019,10522.9,10614.4,10660.2,10431.4,8.08M,-2.13%
2/7/2019,10339.9,10522.9,10522.9,10317,10.06M,-1.74%
3/7/2019,10134,10339.9,10362.8,10111.2,13.30M,-1.99%
4/7/2019,10202.7,10065.4,10294.2,10065.4,10.65M,0.68%
5/7/2019,10202.7,10202.7,10271.3,10134,6.46M,0.00%
8/7/2019,9951,10156.9,10202.7,9928.1,15.65M,-2.47%
9/7/2019,9768,9973.9,10042.5,9768,13.30M,-1.84%
10/7/2019,9768,9790.9,9951,9745.1,7.89M,0.00%
11/7/2019,9859.5,9790.9,9905.3,9790.9,6.54M,0.94%
12/7/2019,10019.7,9928.1,10065.4,9905.3,7.09M,1.62%
15/07/2019,9813.8,10065.4,10065.4,9813.8,8.22M,-2.05%
16/07/2019,9882.4,9882.4,9905.3,9813.8,7.32M,0.70%
17/07/2019,9768,9905.3,9905.3,9745.1,11.50M,-1.16%
18/07/2019,9585,9768,9790.9,9539.3,17.86M,-1.87%
19/07/2019,9424.9,9607.9,9699.4,9333.4,23.55M,-1.67%
22/07/2019,9493.5,9424.9,9699.4,9287.6,14.50M,0.73%
23/07/2019,9928.1,9516.4,9951,9516.4,18.98M,4.58%
24/07/2019,9859.5,9928.1,9973.9,9790.9,7.79M,-0.69%
25/07/2019,10248.4,9836.6,10248.4,9836.6,19.95M,3.94%
26/07/2019,10317,10339.9,10545.8,10271.3,20.62M,0.67%
29/07/2019,10111.2,10317,10317,9951,14.65M,-1.99%
30/07/2019,9836.6,10111.2,10156.9,9836.6,12.87M,-2.72%
31/07/2019,10317,9790.9,10317,9745.1,13.77M,4.88%
1/8/2019,10339.9,10294.2,10408.5,10179.8,12.53M,0.22%
2/8/2019,10271.3,10156.9,10317,10111.2,15.04M,-0.66%
5/8/2019,10134,10225.5,10294.2,10065.4,12.98M,-1.34%
6/8/2019,9951,9859.5,10065.4,9859.5,11.90M,-1.81%
7/8/2019,10111.2,10019.7,10134,9973.9,7.34M,1.61%
8/8/2019,10660.2,10134,10660.2,10134,23.43M,5.43%
9/8/2019,10568.7,10705.9,10751.7,10522.9,7.76M,-0.86%
12/8/2019,10797.4,10568.7,10911.8,10568.7,17.12M,2.16%
13/08/2019,10728.8,10660.2,10934.7,10660.2,13.52M,-0.64%
14/08/2019,10728.8,10888.9,10888.9,10705.9,8.15M,0.00%
15/08/2019,10637.3,10522.9,10637.3,10431.4,14.49M,-0.85%
16/08/2019,10545.8,10637.3,10683.1,10477.2,18.65M,-0.86%
19/08/2019,10545.8,10522.9,10660.2,10500,5.35M,0.00%
20/08/2019,10477.2,10545.8,10660.2,10408.5,10.09M,-0.65%
21/08/2019,10614.4,10477.2,10637.3,10431.4,10.15M,1.31%
22/08/2019,10545.8,10660.2,10683.1,10522.9,6.98M,-0.65%
23/08/2019,10705.9,10637.3,10728.8,10568.7,11.34M,1.52%
26/08/2019,10431.4,10568.7,10591.6,10385.7,11.96M,-2.56%
27/08/2019,10248.4,10522.9,10545.8,10248.4,18.94M,-1.75%
28/08/2019,10179.8,10248.4,10294.2,10111.2,9.13M,-0.67%
29/08/2019,10134,10179.8,10179.8,10065.4,10.41M,-0.45%
30/08/2019,10156.9,10134,10271.3,10088.3,7.01M,0.23%
3/9/2019,9905.3,10156.9,10202.7,9905.3,11.32M,-2.48%
4/9/2019,9882.4,9836.6,9973.9,9836.6,12.32M,-0.23%
5/9/2019,9928.1,9905.3,10042.5,9882.4,5.22M,0.46%
6/9/2019,9790.9,9973.9,10019.7,9790.9,8.86M,-1.38%
9/9/2019,9699.4,9836.6,9859.5,9699.4,7.48M,-0.93%
10/9/2019,9745.1,9699.4,9768,9653.6,7.27M,0.47%
11/9/2019,10088.3,9745.1,10088.3,9722.3,9.90M,3.52%
12/9/2019,10317,10134,10339.9,10134,11.72M,2.27%
13/09/2019,10339.9,10294.2,10362.8,10248.4,9.82M,0.22%
16/09/2019,10362.8,10271.3,10362.8,10179.8,11.37M,0.22%
17/09/2019,10385.7,10362.8,10385.7,10248.4,7.58M,0.22%
18/09/2019,10522.9,10385.7,10545.8,10339.9,12.95M,1.32%
19/09/2019,10500,10522.9,10545.8,10385.7,7.18M,-0.22%
20/09/2019,10362.8,10500,10500,10317,10.74M,-1.31%
23/09/2019,10065.4,10339.9,10339.9,10065.4,11.28M,-2.87%
24/09/2019,10134,10042.5,10134,9996.8,4.18M,0.68%
25/09/2019,10019.7,10111.2,10111.2,9951,8.34M,-1.13%
26/09/2019,10179.8,10065.4,10179.8,9928.1,7.02M,1.60%
27/09/2019,10134,10179.8,10271.3,10134,6.72M,-0.45%
30/09/2019,10042.5,10156.9,10179.8,10042.5,7.21M,-0.90%
1/10/2019,10019.7,10042.5,10156.9,9996.8,8.56M,-0.23%
2/10/2019,9951,10065.4,10088.3,9928.1,9.19M,-0.69%
3/10/2019,9859.5,9928.1,9928.1,9813.8,9.60M,-0.92%
4/10/2019,9768,9882.4,9928.1,9745.1,10.06M,-0.93%
7/10/2019,9745.1,9768,9836.6,9699.4,6.99M,-0.23%
8/10/2019,10019.7,9790.9,10019.7,9722.3,8.38M,2.82%
9/10/2019,10019.7,10019.7,10019.7,9928.1,6.49M,0.00%
10/10/2019,9836.6,10019.7,10111.2,9836.6,8.29M,-1.83%
11/10/2019,9836.6,9882.4,9928.1,9790.9,8.74M,0.00%
14/10/2019,9813.8,9928.1,9928.1,9813.8,6.23M,-0.23%
15/10/2019,9768,9836.6,9928.1,9768,7.61M,-0.47%
16/10/2019,9745.1,9790.9,9836.6,9745.1,5.52M,-0.23%
17/10/2019,9790.9,9745.1,9905.3,9745.1,10.17M,0.47%
18/10/2019,9790.9,9859.5,9859.5,9745.1,4.82M,0.00%
21/10/2019,9699.4,9790.9,9813.8,9699.4,6.68M,-0.93%
22/10/2019,9882.4,9699.4,9905.3,9699.4,8.63M,1.89%
23/10/2019,9996.8,9882.4,10111.2,9882.4,14.52M,1.16%
24/10/2019,10065.4,10019.7,10111.2,9996.8,10.83M,0.69%
25/10/2019,9973.9,10065.4,10065.4,9951,5.01M,-0.91%
28/10/2019,10156.9,9973.9,10202.7,9905.3,15.33M,1.83%
29/10/2019,10156.9,10156.9,10271.3,10111.2,11.25M,0.00%
30/10/2019,10065.4,10179.8,10179.8,10065.4,6.46M,-0.90%
31/10/2019,9973.9,10065.4,10088.3,9928.1,12.15M,-0.91%
1/11/2019,10019.7,10019.7,10111.2,9973.9,8.55M,0.46%
4/11/2019,9951,10111.2,10156.9,9928.1,12.72M,-0.69%
5/11/2019,10019.7,9973.9,10134,9951,11.62M,0.69%
6/11/2019,10065.4,10065.4,10134,10042.5,9.53M,0.46%
7/11/2019,10385.7,10134,10408.5,10111.2,27.89M,3.18%
8/11/2019,10385.7,10385.7,10431.4,10294.2,11.12M,0.00%
11/11/2019,10431.4,10339.9,10568.7,10339.9,16.85M,0.44%
12/11/2019,10522.9,10408.5,10568.7,10317,13.80M,0.88%
13/11/2019,10362.8,10568.7,10591.6,10362.8,13.72M,-1.52%
14/11/2019,10362.8,10362.8,10454.3,10294.2,11.64M,0.00%
15/11/2019,10362.8,10362.8,10431.4,10317,7.23M,0.00%
18/11/2019,10477.2,10385.7,10522.9,10385.7,8.08M,1.10%
19/11/2019,10431.4,10500,10500,10385.7,8.78M,-0.44%
20/11/2019,10248.4,10431.4,10431.4,10179.8,14.66M,-1.75%
21/11/2019,10065.4,10202.7,10225.5,10065.4,15.80M,-1.79%
22/11/2019,10111.2,10156.9,10225.5,10065.4,12.14M,0.46%
25/11/2019,10179.8,10134,10225.5,10065.4,8.92M,0.68%
26/11/2019,10362.8,10225.5,10431.4,10225.5,11.56M,1.80%
27/11/2019,10339.9,10408.5,10431.4,10317,7.42M,-0.22%
28/11/2019,10339.9,10339.9,10385.7,10271.3,7.91M,0.00%
29/11/2019,10454.3,10339.9,10500,10271.3,13.35M,1.11%
2/12/2019,10500,10454.3,10614.4,10454.3,19.16M,0.44%
3/12/2019,10728.8,10500,10843.2,10385.7,19.65M,2.18%
4/12/2019,10728.8,10705.9,10797.4,10683.1,10.35M,0.00%
5/12/2019,10568.7,10683.1,10728.8,10545.8,10.91M,-1.49%
6/12/2019,10911.8,10568.7,10934.7,10568.7,15.01M,3.25%
9/12/2019,11071.9,10911.8,11186.3,10911.8,16.64M,1.47%
10/12/2019,11163.4,11071.9,11232.1,11026.2,21.40M,0.83%
11/12/2019,11163.4,11117.7,11163.4,10934.7,11.38M,0.00%
12/12/2019,11071.9,11117.7,11163.4,11026.2,8.74M,-0.82%
13/12/2019,10888.9,11071.9,11209.2,10888.9,19.96M,-1.65%
16/12/2019,10866.1,10888.9,10934.7,10774.6,10.78M,-0.21%
17/12/2019,10591.6,10866.1,10911.8,10477.2,20.78M,-2.53%
18/12/2019,10317,10591.6,10591.6,10294.2,15.98M,-2.59%
19/12/2019,10431.4,10317,10568.7,10317,12.12M,1.11%
20/12/2019,10522.9,10500,10637.3,10431.4,11.40M,0.88%
23/12/2019,10545.8,10591.6,10751.7,10500,8.44M,0.22%
24/12/2019,10614.4,10545.8,10660.2,10500,6.78M,0.65%
25/12/2019,10591.6,10614.4,10705.9,10591.6,5.01M,-0.21%
26/12/2019,10522.9,10660.2,10660.2,10522.9,6.33M,-0.65%
27/12/2019,10774.6,10522.9,10774.6,10454.3,8.81M,2.39%
30/12/2019,10820.3,10820.3,10911.8,10751.7,6.19M,0.42%
31/12/2019,10751.7,10820.3,10843.2,10683.1,6.06M,-0.63%
2/1/2020,10980.4,10751.7,10980.4,10683.1,8.91M,2.13%
3/1/2020,11049.1,11071.9,11140.6,11003.3,16.49M,0.63%
6/1/2020,10980.4,10980.4,11094.8,10911.8,11.31M,-0.62%
7/1/2020,10843.2,11026.2,11071.9,10797.4,10.26M,-1.25%
8/1/2020,10728.8,10751.7,10820.3,10591.6,13.52M,-1.06%
9/1/2020,10980.4,10797.4,11049.1,10797.4,9.72M,2.35%
10/1/2020,11071.9,11026.2,11232.1,11003.3,21.07M,0.83%
13/01/2020,11094.8,11071.9,11163.4,11026.2,9.39M,0.21%
14/01/2020,11438,11094.8,11460.8,11071.9,20.14M,3.09%
15/01/2020,11506.6,11460.8,11598.1,11392.2,12.39M,0.60%
16/01/2020,11575.2,11438,11598.1,11415.1,14.44M,0.60%
17/01/2020,11438,11575.2,11735.3,11392.2,13.33M,-1.19%
20/01/2020,11666.7,11438,11666.7,11300.7,12.03M,2.00%
21/01/2020,11826.9,11781.1,11895.5,11689.6,12.45M,1.37%
22/01/2020,12032.7,11826.9,12078.5,11826.9,18.79M,1.74%
30/01/2020,11575.2,11689.6,11849.7,11415.1,27.44M,-3.80%
31/01/2020,11026.2,11438,11575.2,11026.2,23.16M,-4.74%
3/2/2020,11232.1,10660.2,11346.5,10385.7,25.44M,1.87%
4/2/2020,11255,11277.8,11346.5,11026.2,17.03M,0.20%
5/2/2020,11186.3,11369.3,11438,11071.9,14.61M,-0.61%
6/2/2020,11529.5,11140.6,11529.5,11117.7,19.40M,3.07%
7/2/2020,11140.6,11529.5,11575.2,11071.9,17.10M,-3.37%
10/2/2020,11140.6,10980.4,11277.8,10957.6,10.10M,0.00%
11/2/2020,10797.4,11186.3,11255,10728.8,26.43M,-3.08%
12/2/2020,10888.9,10751.7,11049.1,10728.8,20.18M,0.85%
13/02/2020,10843.2,10866.1,10934.7,10797.4,11.08M,-0.42%
14/02/2020,10843.2,10797.4,10866.1,10683.1,10.64M,0.00%
17/02/2020,10866.1,10843.2,10911.8,10797.4,5.72M,0.21%
18/02/2020,10660.2,10911.8,10911.8,10660.2,15.70M,-1.89%
19/02/2020,10637.3,10660.2,10728.8,10568.7,11.54M,-0.21%
20/02/2020,10866.1,10728.8,10866.1,10637.3,11.00M,2.15%
21/02/2020,10774.6,10866.1,10888.9,10751.7,9.51M,-0.84%
24/02/2020,10385.7,10408.5,10591.6,10385.7,27.25M,-3.61%
25/02/2020,10568.7,10339.9,10568.7,10339.9,11.17M,1.76%
26/02/2020,10408.5,10408.5,10522.9,10385.7,9.48M,-1.52%
27/02/2020,10500,10385.7,10545.8,10385.7,6.99M,0.88%
28/02/2020,10225.5,10317,10431.4,10179.8,13.87M,-2.61%
2/3/2020,10202.7,10156.9,10294.2,10156.9,8.33M,-0.22%
3/3/2020,10202.7,10431.4,10431.4,10202.7,9.29M,0.00%
4/3/2020,10225.5,10248.4,10339.9,10225.5,6.20M,0.22%
5/3/2020,10225.5,10339.9,10362.8,10225.5,5.46M,0.00%
6/3/2020,10248.4,10225.5,10271.3,10179.8,6.39M,0.22%
9/3/2020,9539.3,9539.3,9859.5,9539.3,34.89M,-6.92%
10/3/2020,9905.3,9379.1,9951,9379.1,17.14M,3.84%
11/3/2020,9402,9928.1,9973.9,9219,17.96M,-5.08%
12/3/2020,8807.2,8944.5,9058.9,8761.5,27.46M,-6.33%
13/03/2020,8715.7,8258.2,9013.1,8212.5,27.03M,-1.04%
16/03/2020,8738.6,8784.4,9081.7,8670,19.55M,0.26%
17/03/2020,8784.4,8509.8,8830.1,8509.8,12.75M,0.52%
18/03/2020,9013.1,8875.9,9196.1,8853,21.90M,2.60%
19/03/2020,8761.5,8875.9,8921.6,8647.1,16.37M,-2.79%
20/03/2020,8509.8,8807.2,8830.1,8509.8,28.22M,-2.87%
23/03/2020,7915.1,7960.8,8235.3,7915.1,27.27M,-6.99%
24/03/2020,7823.6,7777.8,7937.9,7617.7,29.13M,-1.16%
25/03/2020,8143.8,8166.7,8166.7,7960.8,16.34M,4.09%
26/03/2020,7754.9,8029.4,8052.3,7732.1,17.93M,-4.78%
27/03/2020,7411.8,7732.1,7777.8,7228.8,28.31M,-4.42%
30/03/2020,7480.4,7000,7640.6,6977.2,22.89M,0.93%
31/03/2020,7709.2,7480.4,7937.9,6977.2,23.51M,3.06%
1/4/2020,7892.2,7640.6,8006.6,7617.7,10.23M,2.37%
3/4/2020,8075.2,7892.2,8098.1,7869.3,13.70M,2.32%
6/4/2020,8624.2,8304,8624.2,8189.6,21.50M,6.80%
7/4/2020,8692.8,8715.7,8738.6,8349.7,16.12M,0.80%
8/4/2020,8555.6,8418.3,8601.3,8372.6,10.75M,-1.58%
9/4/2020,8487,8601.3,8692.8,8487,15.03M,-0.80%
10/4/2020,8601.3,8464.1,8692.8,8372.6,11.71M,1.35%
13/04/2020,8853,8601.3,8921.6,8555.6,19.04M,2.93%
14/04/2020,9127.5,8830.1,9127.5,8784.4,18.42M,3.10%
15/04/2020,9196.1,9150.4,9287.6,9127.5,12.55M,0.75%
16/04/2020,9264.7,9127.5,9333.4,9036,14.04M,0.75%
17/04/2020,9470.6,9264.7,9516.4,9241.9,18.57M,2.22%
20/04/2020,9699.4,9607.9,9836.6,9402,19.84M,2.42%
21/04/2020,9241.9,9493.5,9722.3,9219,25.13M,-4.72%
22/04/2020,9516.4,9379.1,9745.1,9287.6,23.25M,2.97%
23/04/2020,9882.4,9745.1,10042.5,9745.1,17.58M,3.85%
24/04/2020,10111.2,9928.1,10156.9,9745.1,17.48M,2.32%
27/04/2020,10042.5,10179.8,10339.9,9996.8,13.98M,-0.68%
28/04/2020,9790.9,10065.4,10111.2,9722.3,16.19M,-2.51%
29/04/2020,9836.6,9790.9,9928.1,9607.9,15.68M,0.47%
4/5/2020,9607.9,9836.6,9859.5,9607.9,10.18M,-2.32%
5/5/2020,9790.9,9790.9,9905.3,9745.1,12.41M,1.90%
6/5/2020,10156.9,9859.5,10156.9,9836.6,16.05M,3.74%
7/5/2020,10797.4,10202.7,10797.4,10202.7,31.03M,6.31%
8/5/2020,10705.9,10888.9,11049.1,10705.9,26.29M,-0.85%
11/5/2020,10957.6,10843.2,11026.2,10660.2,15.21M,2.35%
12/5/2020,10820.3,10820.3,10934.7,10705.9,22.17M,-1.25%
13/05/2020,11026.2,10728.8,11071.9,10660.2,20.23M,1.90%
14/05/2020,10957.6,10888.9,11026.2,10843.2,13.73M,-0.62%
15/05/2020,10751.7,10957.6,11003.3,10705.9,16.70M,-1.88%
18/05/2020,11483.7,11186.3,11483.7,10980.4,28.41M,6.81%
19/05/2020,11964.1,12078.5,12284.4,11918.4,39.68M,4.18%
20/05/2020,12101.4,11895.5,12170,11735.3,24.40M,1.15%
21/05/2020,12124.2,12055.6,12147.1,11941.2,23.62M,0.19%
22/05/2020,12467.4,12055.6,12558.9,12009.9,34.23M,2.83%
25/05/2020,12490.3,12581.8,12719,12421.6,23.52M,0.18%
26/05/2020,12993.5,12513.1,12993.5,12490.3,24.23M,4.03%
27/05/2020,12444.5,13085,13085,12444.5,41.65M,-4.23%
28/05/2020,12444.5,12581.8,12627.5,12307.2,30.51M,0.00%
29/05/2020,12536,12490.3,12673.3,12353,26.49M,0.74%
1/6/2020,12650.4,12719,12719,12558.9,16.90M,0.91%
2/6/2020,12375.9,12719,12719,12330.1,24.20M,-2.17%
3/6/2020,12330.1,12375.9,12444.5,12170,25.31M,-0.37%
4/6/2020,12170,12353,12536,12170,28.41M,-1.30%
5/6/2020,12375.9,12124.2,12490.3,11987,28.50M,1.69%
8/6/2020,12673.3,12581.8,12856.3,12490.3,36.11M,2.40%
9/6/2020,12398.7,12787.6,12810.5,12330.1,39.37M,-2.17%
10/6/2020,12353,12353,12536,12192.9,20.79M,-0.37%
11/6/2020,11666.7,12284.4,12421.6,11666.7,48.17M,-5.56%
12/6/2020,12124.2,11209.2,12124.2,11209.2,39.76M,3.92%
15/06/2020,11621,12032.7,12124.2,11598.1,23.87M,-4.15%
16/06/2020,11987,11895.5,12078.5,11735.3,19.01M,3.15%
17/06/2020,12009.9,11987,12101.4,11849.7,14.88M,0.19%
18/06/2020,12261.5,11872.6,12284.4,11826.9,19.07M,2.09%
19/06/2020,12513.1,12353,12513.1,12353,22.18M,2.05%
22/06/2020,12490.3,12536,12719,12330.1,20.49M,-0.18%
23/06/2020,12353,12490.3,12673.3,12238.6,23.97M,-1.10%
24/06/2020,12353,12353,12513.1,12261.5,13.72M,0.00%
25/06/2020,12490.3,12215.7,12719,12147.1,51.41M,1.11%
26/06/2020,12444.5,12536,12627.5,12353,19.72M,-0.37%
29/06/2020,12192.9,12307.2,12353,12009.9,26.07M,-2.02%
30/06/2020,12261.5,12261.5,12536,12147.1,31.22M,0.56%
1/7/2020,12536,12353,12581.8,12307.2,22.84M,2.24%
2/7/2020,12627.5,12581.8,12696.1,12536,27.38M,0.73%
3/7/2020,12581.8,12673.3,12696.1,12536,17.08M,-0.36%
6/7/2020,12627.5,12673.3,12696.1,12558.9,20.56M,0.36%
7/7/2020,12970.6,12696.1,13222.3,12673.3,59.07M,2.72%
8/7/2020,12833.4,12879.1,13016.4,12764.8,19.28M,-1.06%
9/7/2020,12879.1,12856.3,12947.8,12787.6,15.98M,0.36%
10/7/2020,12696.1,12810.5,12924.9,12627.5,30.45M,-1.42%
13/07/2020,12650.4,12604.6,12741.9,12467.4,30.96M,-0.36%
14/07/2020,12764.8,12558.9,12787.6,12536,12.12M,0.90%
15/07/2020,12833.4,12902,12993.5,12833.4,13.82M,0.54%
16/07/2020,13085,12902,13222.3,12787.6,37.73M,1.96%
17/07/2020,13062.2,13130.8,13153.7,13062.2,14.24M,-0.17%
20/07/2020,12810.5,13039.3,13130.8,12810.5,24.44M,-1.93%
21/07/2020,12856.3,12856.3,12924.9,12719,24.69M,0.36%
22/07/2020,12856.3,12947.8,12993.5,12787.6,15.71M,0.00%
23/07/2020,12902,12856.3,12902,12673.3,21.43M,0.36%
24/07/2020,12284.4,12810.5,12833.4,12032.7,44.83M,-4.79%
27/07/2020,11872.6,11918.4,12421.6,11804,38.73M,-3.35%
28/07/2020,12513.1,12124.2,12581.8,11987,29.74M,5.39%
29/07/2020,12126,12432.6,12711.4,11791.5,32.55M,-3.09%
30/07/2020,12321.1,12209.6,12432.6,12181.7,19.93M,1.61%
31/07/2020,12098.1,11958.7,12293.2,11958.7,13.44M,-1.81%
3/8/2020,12767.1,12098.1,12822.9,12098.1,29.65M,5.53%
4/8/2020,12822.9,12934.4,12990.1,12711.4,19.46M,0.44%
5/8/2020,13436.1,12822.9,13575.5,12767.1,45.48M,4.78%
6/8/2020,13408.3,13436.1,13603.4,13268.9,24.12M,-0.21%
7/8/2020,13491.9,13380.4,13547.6,13352.5,21.35M,0.62%
10/8/2020,13547.6,13631.3,13798.5,13547.6,24.82M,0.41%
11/8/2020,13519.8,13603.4,13687,13436.1,16.98M,-0.21%
12/8/2020,13547.6,13547.6,13659.1,13436.1,15.49M,0.21%
13/08/2020,13659.1,13659.1,13714.9,13547.6,13.27M,0.82%
14/08/2020,13436.1,13659.1,13714.9,13324.6,26.95M,-1.63%
17/08/2020,13547.6,13408.3,13547.6,13352.5,14.79M,0.83%
18/08/2020,13464,13603.4,13603.4,13436.1,9.00M,-0.62%
19/08/2020,13519.8,13491.9,13603.4,13436.1,16.26M,0.41%
20/08/2020,13436.1,13519.8,13575.5,13380.4,17.00M,-0.62%
21/08/2020,13575.5,13436.1,13603.4,13408.3,15.67M,1.04%
24/08/2020,13826.4,13659.1,13910,13603.4,24.45M,1.85%
25/08/2020,13687,13882.1,13965.8,13687,18.82M,-1.01%
26/08/2020,13491.9,13659.1,13687,13491.9,28.65M,-1.43%
27/08/2020,13547.6,13491.9,13575.5,13436.1,15.45M,0.41%
28/08/2020,13547.6,13659.1,13659.1,13519.8,20.36M,0.00%
31/08/2020,13687,13491.9,13826.4,13491.9,23.40M,1.03%
1/9/2020,13826.4,13687,13910,13631.3,29.40M,1.02%
3/9/2020,13937.9,13937.9,14049.4,13882.1,25.54M,0.81%
4/9/2020,13910,13742.8,13993.7,13742.8,33.03M,-0.20%
7/9/2020,13659.1,13937.9,13993.7,13659.1,25.16M,-1.80%
8/9/2020,13742.8,13714.9,13770.6,13631.3,21.52M,0.61%
9/9/2020,13659.1,13603.4,13910,13575.5,34.45M,-0.61%
10/9/2020,13687,13770.6,13854.3,13659.1,21.25M,0.20%
11/9/2020,13631.3,13687,13742.8,13631.3,20.49M,-0.41%
14/09/2020,13714.9,13659.1,13798.5,13659.1,22.33M,0.61%
15/09/2020,13770.6,13798.5,13910,13742.8,15.55M,0.41%
16/09/2020,13770.6,13798.5,13826.4,13714.9,12.09M,0.00%
17/09/2020,14160.9,13798.5,14216.7,13770.6,46.96M,2.83%
18/09/2020,14328.2,14244.5,14328.2,14216.7,21.89M,1.18%
21/09/2020,14328.2,14439.7,14467.5,14272.4,20.41M,0.00%
22/09/2020,14244.5,14216.7,14328.2,14160.9,26.83M,-0.58%
23/09/2020,14383.9,14300.3,14439.7,14244.5,22.09M,0.98%
24/09/2020,14300.3,14328.2,14439.7,14216.7,21.82M,-0.58%
25/09/2020,14356,14383.9,14383.9,14216.7,17.72M,0.39%
28/09/2020,14718.4,14383.9,14718.4,14328.2,30.84M,2.52%
29/09/2020,14690.5,14746.3,14941.4,14690.5,32.39M,-0.19%
30/09/2020,14718.4,14690.5,14802.1,14551.2,22.79M,0.19%
1/10/2020,15052.9,14829.9,15164.4,14774.2,30.12M,2.27%
2/10/2020,14885.7,15080.8,15192.3,14495.4,35.47M,-1.11%
5/10/2020,15248.1,14969.3,15275.9,14969.3,22.45M,2.43%
6/10/2020,15749.8,15303.8,15749.8,15164.4,41.44M,3.29%
7/10/2020,15498.9,15666.2,15777.7,15498.9,25.89M,-1.59%
8/10/2020,15666.2,15610.4,15666.2,15443.2,32.01M,1.08%
9/10/2020,15889.2,15722,16000.7,15610.4,16.61M,1.42%
12/10/2020,15749.8,15972.8,16028.6,15638.3,21.51M,-0.88%
13/10/2020,15610.4,15722,15749.8,15554.7,18.72M,-0.89%
14/10/2020,15805.6,15582.6,15805.6,15498.9,24.99M,1.25%
15/10/2020,16195.8,16725.5,16725.5,16195.8,53.57M,2.47%
16/10/2020,16223.7,16279.5,16446.7,16140.1,30.39M,0.17%
19/10/2020,16112.2,16251.6,16307.3,16084.3,19.20M,-0.69%
20/10/2020,16363.1,16028.6,16363.1,16000.7,23.38M,1.56%
21/10/2020,16223.7,16418.8,16502.5,16168,18.73M,-0.85%
22/10/2020,16502.5,16168,16502.5,16112.2,22.94M,1.72%
23/10/2020,17227.2,16614,17227.2,16530.4,51.83M,4.39%
26/10/2020,17171.5,17283,17840.5,17115.7,35.73M,-0.32%
27/10/2020,17506,17060,17673.3,17032.1,44.37M,1.95%
28/10/2020,16948.5,17366.6,17645.4,16837,45.04M,-3.18%
29/10/2020,17060,16697.6,17143.6,16697.6,36.47M,0.66%
30/10/2020,17032.1,17171.5,17227.2,16669.7,33.41M,-0.16%
2/11/2020,17060,17032.1,17115.7,16920.6,18.23M,0.16%
3/11/2020,17115.7,17283,17450.3,17032.1,30.75M,0.33%
4/11/2020,17087.9,17115.7,17283,16920.6,32.10M,-0.16%
5/11/2020,16864.9,17087.9,17143.6,16864.9,20.36M,-1.31%
6/11/2020,16948.5,16892.7,17115.7,16837,23.54M,0.50%
9/11/2020,17561.8,17171.5,17561.8,17115.7,32.14M,3.62%
10/11/2020,17450.3,17896.3,17952,17450.3,36.23M,-0.63%
11/11/2020,17450.3,17450.3,17617.5,17366.6,25.56M,0.00%
12/11/2020,17533.9,17450.3,17561.8,17422.4,17.21M,0.48%
13/11/2020,17812.6,17561.8,17812.6,17533.9,21.34M,1.59%
16/11/2020,17979.9,18007.8,18258.7,17784.8,44.82M,0.94%
17/11/2020,18593.2,18119.3,18593.2,18063.5,28.48M,3.41%
18/11/2020,19290.1,18732.5,19290.1,18593.2,38.81M,3.75%
19/11/2020,19624.6,19345.8,19791.8,19206.4,46.57M,1.73%
20/11/2020,19903.3,19680.3,19903.3,19485.2,31.84M,1.42%
23/11/2020,20906.9,19903.3,21102,19791.8,41.56M,5.04%
24/11/2020,20906.9,21046.2,21464.4,20237.8,85.88M,0.00%
25/11/2020,19847.6,20516.6,20572.3,19624.6,97.75M,-5.07%
26/11/2020,19568.8,19568.8,19736.1,19122.8,58.20M,-1.40%
27/11/2020,20210,19513.1,20293.6,19513.1,28.13M,3.28%
30/11/2020,19791.8,20210,20293.6,19791.8,30.64M,-2.07%
1/12/2020,19847.6,19457.3,19847.6,19262.2,38.26M,0.28%
2/12/2020,19680.3,19847.6,19875.4,19568.8,25.70M,-0.84%
3/12/2020,20544.5,19819.7,20544.5,19680.3,39.51M,4.39%
4/12/2020,20600.2,20656,20767.5,20460.8,31.18M,0.27%
7/12/2020,21297.1,20656,21408.6,20544.5,42.82M,3.38%
8/12/2020,21408.6,21297.1,21631.6,21185.6,35.69M,0.52%
9/12/2020,21464.4,21464.4,21520.1,21241.4,26.79M,0.26%
10/12/2020,20962.6,21464.4,21520.1,20739.6,53.36M,-2.34%
11/12/2020,21631.6,21185.6,21631.6,21018.4,29.21M,3.19%
14/12/2020,21882.5,21966.1,22021.9,21715.3,25.42M,1.16%
15/12/2020,21520.1,21771,21826.8,21464.4,34.37M,-1.66%
16/12/2020,21631.6,21631.6,21938.3,21464.4,30.40M,0.52%
17/12/2020,20990.5,21408.6,21548,20990.5,53.78M,-2.96%
18/12/2020,21520.1,21241.4,21603.7,21129.9,35.02M,2.52%
21/12/2020,21492.2,21743.1,21771,21380.7,27.71M,-0.13%
22/12/2020,21938.3,21492.2,21994,21352.9,45.72M,2.08%
23/12/2020,22300.6,21994,22969.7,21966.1,49.31M,1.65%
24/12/2020,22272.8,22635.2,22746.7,21520.1,32.48M,-0.12%
25/12/2020,22718.8,22300.6,22774.5,22021.9,39.78M,2.00%
28/12/2020,23164.8,23304.2,23387.8,22858.2,36.90M,1.96%
29/12/2020,23192.7,22997.5,23332,22886,23.59M,0.12%
30/12/2020,22802.4,23192.7,23192.7,22718.8,38.45M,-1.68%
31/12/2020,23109,22802.4,23276.3,22690.9,20.83M,1.34%
4/1/2021,23582.9,23415.7,23973.2,23220.5,27.79M,2.05%
5/1/2021,23610.8,23304.2,23861.7,23248.4,32.70M,0.12%
6/1/2021,23861.7,23694.4,24140.4,23582.9,31.50M,1.06%
7/1/2021,23861.7,24056.8,24084.7,23555.1,38.23M,0.00%
8/1/2021,23833.8,23917.4,24140.4,23750.2,35.06M,-0.12%
11/1/2021,24001.1,24028.9,24140.4,23750.2,29.21M,0.70%
12/1/2021,25032.5,24084.7,25032.5,23917.4,39.91M,4.30%
13/01/2021,24921,25199.7,25339.1,24753.7,28.31M,-0.45%
14/01/2021,24781.6,24921,24921,24447.1,30.76M,-0.56%
15/01/2021,24809.5,24698,25116.1,24698,25.95M,0.11%
18/01/2021,24865.2,24809.5,25004.6,24670.1,31.79M,0.22%
19/01/2021,23192.7,24865.2,24865.2,23136.9,45.24M,-6.73%
20/01/2021,23248.4,23415.7,23945.3,22300.6,66.54M,0.24%
21/01/2021,24642.2,23889.6,24642.2,23304.2,36.56M,6.00%
22/01/2021,24335.6,24698,24921,24279.8,25.97M,-1.24%
25/01/2021,24363.5,24112.6,25339.1,24028.9,58.08M,0.11%
26/01/2021,23582.9,24307.7,24307.7,23192.7,42.29M,-3.20%
27/01/2021,22467.9,23081.2,23638.7,22021.9,49.24M,-4.73%
28/01/2021,20906.9,20962.6,21771,20906.9,87.64M,-6.95%
29/01/2021,21826.8,20628.1,22272.8,20628.1,70.64M,4.40%
1/2/2021,21380.7,21743.1,22217,21297.1,37.42M,-2.04%
2/2/2021,22579.4,21464.4,22579.4,21325,50.09M,5.61%
3/2/2021,23415.7,22969.7,23610.8,22858.2,61.14M,3.70%
4/2/2021,23304.2,23415.7,23527.2,23164.8,39.05M,-0.48%
5/2/2021,23694.4,23387.8,23805.9,23248.4,41.02M,1.67%
8/2/2021,22802.4,23694.4,23750.2,22300.6,57.77M,-3.76%
9/2/2021,23304.2,22802.4,23359.9,22551.5,45.92M,2.20%
17/02/2021,24224.1,23666.6,24224.1,23582.9,42.56M,3.95%
18/02/2021,24447.1,24196.2,24530.7,23945.3,37.46M,0.92%
19/02/2021,24224.1,24140.4,24475,24028.9,29.85M,-0.91%
22/02/2021,24196.2,24224.1,24753.7,23973.2,37.49M,-0.12%
23/02/2021,24140.4,24084.7,24391.3,23945.3,31.45M,-0.23%
24/02/2021,24307.7,24335.6,24753.7,24140.4,47.88M,0.69%
25/02/2021,24614.3,24530.7,24753.7,24335.6,38.49M,1.26%
26/02/2021,25422.7,24363.5,25478.5,24307.7,71.83M,3.28%
1/3/2021,25757.2,25785.1,25813,25534.2,38.61M,1.32%
2/3/2021,26036,26091.8,26259,25757.2,41.54M,1.08%
3/3/2021,26091.8,25952.4,26231.1,25924.5,39.07M,0.21%
4/3/2021,25590,26147.5,26147.5,25088.2,49.07M,-1.92%
5/3/2021,25645.7,25450.6,25701.5,25144,37.55M,0.22%
8/3/2021,25813,25980.2,26147.5,25645.7,31.20M,0.65%
9/3/2021,25562.1,25645.7,25757.2,25116.1,28.59M,-0.97%
10/3/2021,25422.7,25562.1,25562.1,25171.8,27.68M,-0.55%
11/3/2021,25868.7,25590,26008.1,25534.2,27.32M,1.75%
12/3/2021,25896.6,25980.2,25980.2,25757.2,21.33M,0.11%
15/03/2021,25924.5,25980.2,26147.5,25868.7,20.89M,0.11%
16/03/2021,25701.5,25980.2,25980.2,25534.2,24.74M,-0.86%
17/03/2021,25813,25729.4,25896.6,25673.6,21.40M,0.43%
18/03/2021,25980.2,26036,26063.9,25840.9,19.60M,0.65%
19/03/2021,26286.9,25980.2,26454.1,25980.2,32.28M,1.18%
22/03/2021,26063.9,26370.5,26454.1,26036,19.39M,-0.85%
23/03/2021,25980.2,26008.1,26259,25868.7,21.92M,-0.32%
24/03/2021,25339.1,25673.6,25840.9,25144,41.51M,-2.47%
25/03/2021,25088.2,25478.5,25506.4,24976.7,34.98M,-0.99%
26/03/2021,25757.2,25367,25757.2,25116.1,49.33M,2.67%
29/03/2021,25813,25924.5,25980.2,25729.4,23.26M,0.22%
30/03/2021,25896.6,25924.5,26063.9,25701.5,23.40M,0.32%
31/03/2021,26091.8,25896.6,26398.4,25840.9,28.65M,0.75%
1/4/2021,27039.5,26203.3,27039.5,26175.4,48.58M,3.63%
2/4/2021,27346.2,27206.8,27485.5,27095.3,29.27M,1.13%
5/4/2021,27485.5,27597,27652.8,27290.4,26.99M,0.51%
6/4/2021,27541.3,27485.5,27624.9,27374,24.63M,0.20%
7/4/2021,27569.2,27541.3,27652.8,27262.5,25.29M,0.10%
8/4/2021,27513.4,27597,27652.8,27318.3,21.01M,-0.20%
9/4/2021,27624.9,27485.5,27820.1,27346.2,27.42M,0.41%
12/4/2021,28544.8,27820.1,28712.1,27736.4,47.40M,3.33%
13/04/2021,27931.6,28712.1,28712.1,27931.6,47.31M,-2.15%
14/04/2021,29548.4,27931.6,29715.6,27820.1,50.46M,5.79%
15/04/2021,30384.6,29827.1,30496.1,29269.6,56.30M,2.83%
16/04/2021,30440.4,30161.6,31053.6,29827.1,49.90M,0.18%
19/04/2021,32224.4,30774.9,32224.4,30496.1,61.09M,5.86%
20/04/2021,31889.9,32335.9,32670.4,31220.9,66.39M,-1.04%
22/04/2021,30663.4,31499.7,32280.2,30663.4,58.00M,-3.85%
23/04/2021,31443.9,30942.1,31443.9,30551.9,50.01M,2.55%
26/04/2021,30719.1,31499.7,31555.4,30663.4,44.15M,-2.31%
27/04/2021,31388.2,30719.1,31443.9,30328.9,37.37M,2.18%
28/04/2021,31220.9,31388.2,31499.7,30942.1,27.41M,-0.53%
29/04/2021,32391.7,31499.7,32726.2,31443.9,48.93M,3.75%
4/5/2021,33339.5,31945.7,33674,31778.4,57.91M,2.93%
5/5/2021,33060.7,33451,33618.2,33060.7,42.94M,-0.84%
6/5/2021,33116.5,33060.7,33618.2,32781.9,37.93M,0.17%
7/5/2021,33897,33005,34287.2,32949.2,51.87M,2.36%
10/5/2021,35123.5,33897,35290.8,33897,49.42M,3.62%
11/5/2021,34566,35290.8,35290.8,34566,51.89M,-1.59%
12/5/2021,34956.3,34343,34956.3,34175.7,51.45M,1.13%
13/05/2021,34287.2,34789,35123.5,34287.2,43.27M,-1.91%
14/05/2021,34231.5,34566,34844.8,34008.5,55.84M,-0.16%
17/05/2021,34510.2,34231.5,34789,33785.5,59.68M,0.81%
18/05/2021,35346.5,34844.8,35513.8,34844.8,68.70M,2.42%
19/05/2021,36851.8,35681,37186.3,35402.3,49.86M,4.26%
20/05/2021,37130.6,36907.6,37186.3,36517.3,37.82M,0.76%
21/05/2021,36573.1,36851.8,37019.1,36461.5,40.28M,-1.50%
24/05/2021,36461.5,36573.1,36851.8,36238.5,41.40M,-0.31%
25/05/2021,37576.6,36405.8,37799.6,36350,39.82M,3.06%
26/05/2021,37799.6,37576.6,37799.6,37465.1,27.18M,0.59%
27/05/2021,37242.1,37743.8,37799.6,36907.6,33.63M,-1.47%
28/05/2021,37409.3,37409.3,37520.8,36907.6,52.89M,0.45%
31/05/2021,39884.6,39884.6,39884.6,39203.5,78.40M,6.62%
1/6/2021,42003.7,41322.6,42609.2,40868.5,43.44M,5.31%
2/6/2021,40868.5,41625.3,42003.7,40111.7,52.00M,-2.70%
3/6/2021,41095.5,40868.5,41322.6,40111.7,48.06M,0.56%
4/6/2021,41246.9,41246.9,41852.4,41095.5,41.18M,0.37%
7/6/2021,39884.6,41322.6,41625.3,39354.9,45.05M,-3.30%
8/6/2021,37841.2,39581.9,40036,37841.2,50.03M,-5.12%
9/6/2021,38068.3,37765.5,38900.8,37084.4,53.24M,0.60%
10/6/2021,39052.1,37992.6,39808.9,37841.2,38.11M,2.58%
11/6/2021,40187.4,39430.5,40263,39052.1,37.74M,2.91%
14/06/2021,40565.8,40490.1,41095.5,39960.3,37.16M,0.94%
15/06/2021,40263,40111.7,40565.8,39884.6,28.22M,-0.75%
16/06/2021,39203.5,39960.3,40111.7,38976.4,37.61M,-2.63%
17/06/2021,38900.8,38522.3,39279.2,38522.3,26.28M,-0.77%
18/06/2021,39430.5,39279.2,40338.7,38900.8,37.69M,1.36%
21/06/2021,38749.4,39354.9,39733.3,38749.4,29.39M,-1.73%
22/06/2021,39127.8,38976.4,39657.6,38749.4,24.00M,0.98%
23/06/2021,38900.8,39052.1,39279.2,38673.7,24.13M,-0.58%
24/06/2021,38295.3,38900.8,39127.8,38219.6,25.98M,-1.56%
25/06/2021,38371,38371,38749.4,37689.8,34.05M,0.20%
28/06/2021,39657.6,38825.1,39733.3,38446.7,50.91M,3.35%
29/06/2021,39203.5,39733.3,39808.9,39127.8,25.78M,-1.15%
30/06/2021,38976.4,39279.2,39506.2,38900.8,24.57M,-0.58%
1/7/2021,39960.3,39127.8,40036,39052.1,51.57M,2.52%
2/7/2021,39581.9,40111.7,40414.4,39506.2,39.08M,-0.95%
5/7/2021,38749.4,39581.9,39581.9,38446.7,48.19M,-2.10%
6/7/2021,36327.6,38673.7,39506.2,36327.6,62.68M,-6.25%
7/7/2021,37765.5,37084.4,37765.5,36214,52.72M,3.96%
8/7/2021,37084.4,37765.5,37916.9,36781.6,39.82M,-1.80%
9/7/2021,35797.8,36706,37160.1,34813.9,60.96M,-3.47%
12/7/2021,34019.2,35343.7,35495,33300.3,98.15M,-4.97%
13/07/2021,34435.5,34435.5,34813.9,33716.5,33.15M,1.22%
14/07/2021,34057.1,34738.2,34813.9,33565.1,35.66M,-1.10%
15/07/2021,35192.3,33754.4,35457.2,33754.4,37.11M,3.33%
16/07/2021,35381.5,35343.7,35911.3,35192.3,28.93M,0.54%
19/07/2021,33527.3,34549,34738.2,33300.3,51.25M,-5.24%
20/07/2021,35797.8,34057.1,35797.8,33640.8,53.26M,6.77%
21/07/2021,35381.5,35949.1,36176.2,35268,27.74M,-1.16%
22/07/2021,35722.1,35343.7,36100.5,35041,27.94M,0.96%
23/07/2021,34662.5,35419.4,35570.7,34662.5,37.58M,-2.97%
26/07/2021,34511.2,34435.5,34889.6,33792.2,30.53M,-0.44%
27/07/2021,34965.3,34813.9,35419.4,34586.9,23.67M,1.32%
28/07/2021,35343.7,35041,35646.4,34965.3,27.58M,1.08%
29/07/2021,35646.4,35532.9,36100.5,35419.4,42.62M,0.86%
30/07/2021,35797.8,35646.4,36024.8,35646.4,29.92M,0.42%
2/8/2021,35759.9,35646.4,36251.9,35495,31.47M,-0.11%
3/8/2021,35759.9,35797.8,36062.7,35381.5,36.79M,0.00%
4/8/2021,35949.1,35987,36327.6,35759.9,31.63M,0.53%
5/8/2021,36933,35911.3,37084.4,35835.6,38.62M,2.74%
6/8/2021,36630.3,36781.6,37160.1,36554.6,26.13M,-0.82%
9/8/2021,37614.2,36403.2,37614.2,36289.7,39.55M,2.69%
10/8/2021,37387.1,37916.9,38219.6,37160.1,30.31M,-0.60%
11/8/2021,37046.5,37689.8,37689.8,37046.5,28.46M,-0.91%
12/8/2021,36630.3,37008.7,37084.4,36630.3,28.01M,-1.12%
13/08/2021,36819.5,36630.3,36857.3,36100.5,33.55M,0.52%
16/08/2021,37425,37084.4,37462.8,37046.5,28.89M,1.64%
17/08/2021,38143.9,37576.3,38522.3,37538.5,59.13M,1.92%
18/08/2021,38143.9,38219.6,38522.3,37765.5,26.21M,0.00%
19/08/2021,38522.3,38295.3,38825.1,38143.9,35.76M,0.99%
20/08/2021,37084.4,38446.7,38598,36478.9,64.13M,-3.73%
23/08/2021,35949.1,37084.4,37084.4,35949.1,42.67M,-3.06%
24/08/2021,36138.3,36024.8,36516.8,35949.1,28.51M,0.53%
25/08/2021,36630.3,36289.7,36706,35873.5,21.32M,1.36%
26/08/2021,36100.5,36781.6,36781.6,35987,18.02M,-1.45%
27/08/2021,36024.8,35949.1,36214,35381.5,31.84M,-0.21%
30/08/2021,36857.3,36327.6,36895.2,36062.7,22.11M,2.31%
31/08/2021,37311.4,37084.4,37614.2,36933,33.63M,1.23%
1/9/2021,37235.7,37084.4,37500.6,37008.7,19.59M,-0.20%
6/9/2021,38749.4,37462.8,38900.8,37387.1,62.53M,4.07%
7/9/2021,38371,39052.1,39354.9,38295.3,40.62M,-0.98%
8/9/2021,38825.1,38371,39279.2,38143.9,42.95M,1.18%
9/9/2021,39279.2,39052.1,39657.6,38976.4,47.73M,1.17%
10/9/2021,38976.4,39354.9,39506.2,38900.8,22.38M,-0.77%
13/09/2021,38446.7,38976.4,38976.4,38371,35.40M,-1.36%
14/09/2021,38068.3,38446.7,38598,37992.6,29.16M,-0.98%
15/09/2021,39052.1,37916.9,39354.9,37765.5,33.68M,2.58%
16/09/2021,38825.1,39354.9,39581.9,38825.1,23.38M,-0.58%
17/09/2021,39203.5,38900.8,39354.9,38825.1,31.91M,0.97%
20/09/2021,38825.1,39657.6,39657.6,38522.3,42.03M,-0.97%
21/09/2021,38446.7,38295.3,38749.4,37992.6,37.50M,-0.97%
22/09/2021,38522.3,38446.7,38673.7,38295.3,17.09M,0.20%
23/09/2021,38598,38825.1,39279.2,38522.3,23.11M,0.20%
24/09/2021,38446.7,38598,39127.8,38371,20.65M,-0.39%
27/09/2021,38446.7,38900.8,39354.9,38446.7,37.01M,0.00%
28/09/2021,39808.9,38295.3,39884.6,38295.3,46.29M,3.54%
29/09/2021,40338.7,39884.6,40565.8,39808.9,45.37M,1.33%
30/09/2021,40036,40641.5,40641.5,39960.3,30.09M,-0.75%
1/10/2021,40414.4,40036,40641.5,39884.6,39.62M,0.95%
4/10/2021,42003.7,40792.8,42306.5,40792.8,58.96M,3.93%
5/10/2021,41852.4,42003.7,42306.5,41701,34.54M,-0.36%
6/10/2021,42457.8,42230.8,42609.2,41928.1,34.80M,1.45%
7/10/2021,42079.4,42684.9,42911.9,42003.7,34.80M,-0.89%
8/10/2021,42155.1,42230.8,42533.5,41776.7,28.20M,0.18%
11/10/2021,43290.3,42457.8,43366,42155.1,33.21M,2.69%
12/10/2021,43139,43366,43593.1,42987.6,23.54M,-0.35%
13/10/2021,42987.6,43139,43441.7,42760.6,20.26M,-0.35%
14/10/2021,42987.6,42987.6,43441.7,42911.9,25.06M,0.00%
15/10/2021,43366,43366,43668.7,43139,24.08M,0.88%
18/10/2021,43820.1,43593.1,44198.5,43517.4,26.96M,1.05%
19/10/2021,43290.3,43593.1,43895.8,43214.7,30.84M,-1.21%
20/10/2021,43063.3,43441.7,43517.4,42230.8,45.06M,-0.52%
21/10/2021,43290.3,43290.3,44047.2,42836.2,50.95M,0.53%
22/10/2021,42911.9,43441.7,43744.4,42911.9,25.80M,-0.87%
25/10/2021,41701,42760.6,42911.9,41701,54.09M,-2.82%
26/10/2021,42609.2,41474,42609.2,41019.9,36.28M,2.18%
27/10/2021,43820.1,42609.2,43820.1,42609.2,37.62M,2.84%
28/10/2021,43895.8,43820.1,44047.2,43366,28.50M,0.17%
29/10/2021,43214.7,43895.8,43971.5,43214.7,31.04M,-1.55%
1/11/2021,42155.1,43214.7,43214.7,42155.1,58.78M,-2.45%
2/11/2021,42003.7,42003.7,42684.9,41776.7,33.37M,-0.36%
3/11/2021,42079.4,42533.5,42609.2,41852.4,38.83M,0.18%
4/11/2021,42609.2,42079.4,43063.3,42079.4,19.30M,1.26%
5/11/2021,42836.2,42609.2,43139,42155.1,25.19M,0.53%
8/11/2021,42987.6,43063.3,43139,42533.5,27.63M,0.35%
9/11/2021,42760.6,42987.6,43593.1,42684.9,32.13M,-0.53%
10/11/2021,41852.4,42760.6,42836.2,41776.7,56.39M,-2.12%
11/11/2021,40868.5,41625.3,41852.4,40565.8,70.58M,-2.35%
12/11/2021,41322.6,40792.8,41474,40717.1,27.10M,1.11%
15/11/2021,40565.8,41246.9,41322.6,40338.7,39.84M,-1.83%
16/11/2021,39354.9,40338.7,40565.8,39354.9,51.71M,-2.99%
17/11/2021,38900.8,39354.9,39808.9,38900.8,39.00M,-1.15%
18/11/2021,37803.4,38900.8,38900.8,37538.5,76.19M,-2.82%
19/11/2021,36327.6,37538.5,37614.2,36251.9,63.01M,-3.90%
22/11/2021,36819.5,36478.9,37235.7,36327.6,29.42M,1.35%
23/11/2021,37500.6,37008.7,37689.8,36781.6,20.34M,1.85%
24/11/2021,36819.5,37462.8,37614.2,36706,35.26M,-1.82%
25/11/2021,37273.6,36857.3,37349.3,36857.3,28.29M,1.23%
26/11/2021,37122.2,37311.4,37803.4,37084.4,34.75M,-0.41%
29/11/2021,36630.3,36478.9,37008.7,36478.9,28.34M,-1.33%
30/11/2021,37046.5,37046.5,37803.4,36706,28.83M,1.14%
1/12/2021,37084.4,37462.8,37462.8,37008.7,17.97M,0.10%
2/12/2021,36781.6,37235.7,37273.6,36781.6,16.68M,-0.82%
3/12/2021,36100.5,36933,37197.9,36100.5,28.19M,-1.85%
6/12/2021,34624.7,35949.1,36289.7,34435.5,45.02M,-4.09%
7/12/2021,36024.8,35154.5,36024.8,34813.9,28.52M,4.04%
8/12/2021,35722.1,36251.9,36251.9,35608.6,14.44M,-0.84%
9/12/2021,35646.4,35495,35797.8,35419.4,13.42M,-0.21%
10/12/2021,35192.3,35608.6,35722.1,35116.6,25.26M,-1.27%
13/12/2021,35230.2,35230.2,35684.3,35041,18.60M,0.11%
14/12/2021,36100.5,35230.2,37160.1,34965.3,46.38M,2.47%
15/12/2021,36176.2,36327.6,36781.6,36100.5,11.76M,0.21%
16/12/2021,35949.1,36403.2,36403.2,35797.8,14.34M,-0.63%
17/12/2021,35343.7,35835.6,35987,35268,28.62M,-1.68%
20/12/2021,35495,35343.7,35835.6,35192.3,12.98M,0.43%
21/12/2021,34889.6,35495,35532.9,34889.6,22.22M,-1.71%
22/12/2021,34132.8,35041,35192.3,34132.8,32.07M,-2.17%
23/12/2021,34019.2,34132.8,34132.8,33375.9,34.68M,-0.33%
24/12/2021,34851.7,34284.1,35305.8,34246.3,24.92M,2.45%
27/12/2021,34738.2,35230.2,35268,34473.3,13.88M,-0.33%
28/12/2021,34662.5,34738.2,35343.7,34511.2,16.06M,-0.22%
29/12/2021,34662.5,34662.5,35041,34435.5,19.65M,0.00%
30/12/2021,34586.9,35041,35041,34586.9,13.37M,-0.22%
31/12/2021,35116.6,34813.9,35305.8,34700.4,17.92M,1.53%
4/1/2022,35381.5,35419.4,35722.1,35268,26.13M,0.75%
5/1/2022,35419.4,35495,35835.6,35419.4,24.39M,0.11%
6/1/2022,34889.6,35192.3,35343.7,34889.6,22.32M,-1.50%
7/1/2022,34662.5,34889.6,34965.3,34549,21.24M,-0.65%
10/1/2022,34549,34700.4,35305.8,34435.5,22.72M,-0.33%
11/1/2022,34132.8,34851.7,34851.7,34132.8,16.59M,-1.20%
12/1/2022,34965.3,34208.4,35003.1,34170.6,19.09M,2.44%
13/01/2022,35343.7,35041,35797.8,34965.3,32.49M,1.08%
14/01/2022,35003.1,35192.3,35457.2,34965.3,10.27M,-0.96%
17/01/2022,33830,35003.1,35192.3,33830,28.16M,-3.35%
18/01/2022,33300.3,33678.7,34246.3,32543.4,27.87M,-1.57%
19/01/2022,32921.8,33603,33716.5,32884,23.02M,-1.14%
20/01/2022,33300.3,33148.9,33451.6,32770.5,19.07M,1.15%
21/01/2022,32770.5,33300.3,33640.8,32619.1,21.16M,-1.59%
24/01/2022,30802.7,32619.1,32694.8,30802.7,38.25M,-6.00%
25/01/2022,32732.6,30651.4,32770.5,30424.3,23.25M,6.27%
26/01/2022,32884,32921.8,33640.8,32884,19.77M,0.46%
27/01/2022,31900.1,32694.8,32921.8,31786.6,19.11M,-2.99%
28/01/2022,31938,31975.8,32392.1,31559.6,19.42M,0.12%
7/2/2022,32581.3,32392.1,33073.2,31635.2,21.59M,2.01%
8/2/2022,34473.3,32543.4,34473.3,32543.4,34.49M,5.81%
9/2/2022,35797.8,34662.5,36554.6,34586.9,52.39M,3.84%
10/2/2022,35570.7,35873.5,36251.9,35343.7,30.68M,-0.63%
11/2/2022,35684.3,35268,35949.1,35041,22.55M,0.32%
14/02/2022,34965.3,35192.3,35949.1,34927.4,23.72M,-2.01%
15/02/2022,34813.9,34965.3,35230.2,34359.8,20.23M,-0.43%
16/02/2022,34813.9,34889.6,35192.3,34511.2,12.16M,0.00%
17/02/2022,35192.3,34813.9,35381.5,34813.9,14.76M,1.09%
18/02/2022,35608.6,34965.3,36062.7,34851.7,27.79M,1.18%
21/02/2022,35305.8,35646.4,35949.1,35230.2,15.83M,-0.85%
22/02/2022,35116.6,35041,35268,34586.9,22.97M,-0.54%
23/02/2022,35343.7,35305.8,35722.1,35003.1,16.88M,0.65%
24/02/2022,34813.9,35381.5,35457.2,34132.8,29.18M,-1.50%
25/02/2022,34738.2,34889.6,35078.8,34738.2,16.61M,-0.22%
28/02/2022,35722.1,34851.7,36176.2,34851.7,45.76M,2.83%
1/3/2022,35495,36100.5,36403.2,35457.2,30.39M,-0.64%
2/3/2022,35495,35570.7,35835.6,35268,25.86M,0.00%
3/3/2022,37916.9,36024.8,37916.9,35797.8,99.11M,6.82%
4/3/2022,37689.8,38598,38825.1,37689.8,43.39M,-0.60%
7/3/2022,38673.7,37992.6,39733.3,37841.2,49.99M,2.61%
8/3/2022,37425,38295.3,38749.4,37425,52.66M,-3.23%
9/3/2022,37727.7,37841.2,38068.3,36970.9,45.21M,0.81%
10/3/2022,37197.9,37841.2,37916.9,37160.1,34.88M,-1.40%
11/3/2022,36024.8,37235.7,37311.4,35457.2,57.64M,-3.15%
14/03/2022,34662.5,35797.8,36478.9,34662.5,44.00M,-3.78%
15/03/2022,34927.4,34776.1,35343.7,34397.7,27.12M,0.76%
16/03/2022,34965.3,35495,35684.3,34965.3,14.84M,0.11%
17/03/2022,34776.1,35268,35343.7,34738.2,19.45M,-0.54%
18/03/2022,35192.3,34965.3,35457.2,34851.7,23.05M,1.20%
21/03/2022,35457.2,35343.7,35722.1,35116.6,25.11M,0.75%
22/03/2022,35495,35495,35532.9,35041,29.86M,0.11%
23/03/2022,35419.4,35722.1,35911.3,35419.4,22.48M,-0.21%
24/03/2022,35116.6,35570.7,35570.7,35078.8,19.41M,-0.85%
25/03/2022,35116.6,35230.2,35532.9,34965.3,17.48M,0.00%
28/03/2022,34738.2,34889.6,35457.2,34662.5,25.36M,-1.08%
29/03/2022,34700.4,34965.3,35003.1,34662.5,16.88M,-0.11%
30/03/2022,34435.5,34662.5,35116.6,34359.8,20.44M,-0.76%
31/03/2022,34132.8,34549,34776.1,33905.7,24.56M,-0.88%
1/4/2022,34586.9,34057.1,34813.9,33678.7,25.61M,1.33%
4/4/2022,34700.4,34813.9,35041,34624.7,15.80M,0.33%
5/4/2022,34889.6,34813.9,35116.6,34776.1,15.76M,0.55%
6/4/2022,35759.9,34813.9,36289.7,34813.9,38.62M,2.49%
7/4/2022,35230.2,35949.1,36024.8,35230.2,18.87M,-1.48%
8/4/2022,35116.6,35381.5,35608.6,35078.8,17.86M,-0.32%
12/4/2022,34132.8,35192.3,35192.3,34094.9,23.70M,-2.80%
13/04/2022,34208.4,34284.1,34397.7,33830,16.53M,0.22%
14/04/2022,33981.4,34284.1,34473.3,33981.4,15.65M,-0.66%
15/04/2022,33451.6,33981.4,34057.1,33413.8,23.89M,-1.56%
18/04/2022,32278.5,33338.1,33716.5,32278.5,30.14M,-3.51%
19/04/2022,32770.5,32543.4,33224.6,32467.8,24.77M,1.52%
20/04/2022,32694.8,32921.8,33300.3,32619.1,17.21M,-0.23%
21/04/2022,32808.3,32543.4,33375.9,31862.3,23.16M,0.35%
22/04/2022,33148.9,33300.3,33338.1,32051.5,16.51M,1.04%
25/04/2022,30840.6,33148.9,33148.9,30840.6,37.77M,-6.96%
26/04/2022,31181.2,30386.5,31332.5,29970.2,30.26M,1.10%
27/04/2022,32165,31181.2,32467.8,31105.5,24.41M,3.16%
28/04/2022,32619.1,32165,32884,32165,17.70M,1.41%
29/04/2022,32770.5,32467.8,32846.2,32429.9,16.05M,0.46%
4/5/2022,31786.6,32770.5,32770.5,31786.6,19.37M,-3.00%
5/5/2022,31824.5,32240.7,32240.7,31408.2,17.96M,0.12%
6/5/2022,31635.2,31332.5,32543.4,31332.5,19.51M,-0.59%
9/5/2022,30235.1,31408.2,31710.9,30235.1,34.17M,-4.43%
10/5/2022,31105.5,29894.6,31105.5,29289.1,25.27M,2.88%
11/5/2022,30764.9,31029.8,31256.8,30689.2,12.43M,-1.09%
12/5/2022,28948.5,30727.1,30764.9,28948.5,32.83M,-5.90%
13/05/2022,27170,28872.8,29175.6,27056.5,55.90M,-6.14%
16/05/2022,27472.7,28040.3,28380.9,27472.7,38.21M,1.11%
17/05/2022,28910.7,27397,28910.7,27245.7,30.44M,5.23%
18/05/2022,28910.7,29062,29289.1,28645.8,20.90M,0.00%
19/05/2022,28683.6,28229.5,28835,27889,20.85M,-0.79%
20/05/2022,28494.4,28532.3,28607.9,28191.7,18.11M,-0.66%
23/05/2022,27813.3,28721.5,28910.7,27472.7,13.23M,-2.39%
24/05/2022,26413.2,27813.3,28002.5,25883.4,54.86M,-5.03%
25/05/2022,26072.6,26110.4,26451,25013,51.24M,-1.29%
26/05/2022,26488.8,26488.8,26942.9,26148.3,21.09M,1.60%
27/05/2022,26829.4,26488.8,27170,26337.5,22.87M,1.29%
30/05/2022,26829.4,26867.3,27132.1,26715.9,19.57M,0.00%
31/05/2022,26261.8,26753.7,26753.7,26110.4,24.49M,-2.12%
1/6/2022,25996.9,26110.4,26337.5,25580.7,28.14M,-1.01%
2/6/2022,25088.7,25732,25959.1,25013,32.99M,-3.49%
3/6/2022,25277.9,25202.2,25732,25164.4,19.12M,0.75%
6/6/2022,25202.2,25845.5,25921.2,25050.9,23.10M,-0.30%
7/6/2022,25126.6,25202.2,25391.4,24710.3,25.19M,-0.30%
8/6/2022,24899.5,25202.2,25315.8,24786,32.29M,-0.90%
9/6/2022,25580.7,24899.5,26148.3,24786,35.07M,2.74%
10/6/2022,25429.3,25580.7,25921.2,25429.3,19.74M,-0.59%
13/06/2022,24067,24975.2,25353.6,23991.3,27.61M,-5.36%
14/06/2022,22931.8,23840,23877.8,22856.1,36.97M,-4.72%
15/06/2022,22250.6,22780.4,23385.9,21834.4,37.31M,-2.97%
16/06/2022,23461.5,22818.2,23726.4,22629,43.40M,5.44%
17/06/2022,23200,23450,23500,21950,30.24M,-1.11%
20/06/2022,21600,22750,23000,21600,37.27M,-6.90%
21/06/2022,20800,21350,21500,20500,39.94M,-3.70%
22/06/2022,21500,20850,22000,20850,21.44M,3.37%
23/06/2022,21800,21500,21850,21500,6.93M,1.40%
24/06/2022,21800,21850,22500,21700,12.83M,0.00%
27/06/2022,22900,22000,22900,21350,20.74M,5.05%
28/06/2022,22500,22850,22850,22250,17.84M,-1.75%
29/06/2022,22750,22300,23150,22100,20.19M,1.11%
30/06/2022,22300,22900,23400,22300,19.95M,-1.98%
1/7/2022,22400,22300,22600,21550,15.20M,0.45%
4/7/2022,22000,22650,22650,22000,12.44M,-1.79%
5/7/2022,21900,22100,22350,21750,15.09M,-0.45%
6/7/2022,21450,21700,22250,21300,18.23M,-2.05%
7/7/2022,21750,21450,21750,21400,10.83M,1.40%
8/7/2022,22450,22000,22550,22000,19.50M,3.22%
11/7/2022,22050,22400,22650,21950,12.48M,-1.78%
12/7/2022,22300,22050,22500,21950,12.15M,1.13%
13/07/2022,22300,22200,22800,22150,17.86M,0.00%
14/07/2022,22200,22200,22400,22100,12.52M,-0.45%
15/07/2022,23200,22350,23500,22350,47.70M,4.50%
18/07/2022,22600,23200,23300,22500,19.93M,-2.59%
19/07/2022,22150,22500,22600,22100,16.28M,-1.99%
20/07/2022,22350,22350,22750,22300,16.89M,0.90%
21/07/2022,22700,22350,23000,22300,23.04M,1.57%
22/07/2022,22200,22700,22800,22200,16.64M,-2.20%
25/07/2022,21900,22200,22300,21800,20.72M,-1.35%
26/07/2022,21650,21800,22000,21600,26.38M,-1.14%
27/07/2022,21250,21450,21500,21050,28.60M,-1.85%
28/07/2022,21400,21500,21700,21250,23.51M,0.71%
29/07/2022,21500,21600,21950,21500,20.59M,0.47%
1/8/2022,22800,21700,22850,21600,38.14M,6.05%
2/8/2022,22900,22900,23150,22700,27.73M,0.44%
3/8/2022,23750,22700,23850,22600,58.85M,3.71%
4/8/2022,23650,23900,23950,23500,30.03M,-0.42%
5/8/2022,23300,23400,23650,23150,42.52M,-1.48%
8/8/2022,23600,23400,23900,23300,30.37M,1.29%
9/8/2022,24100,23900,24300,23650,48.22M,2.12%
10/8/2022,23800,24000,24400,23800,30.12M,-1.24%
11/8/2022,23400,24050,24150,23300,34.35M,-1.68%
12/8/2022,23950,23300,24050,23250,33.80M,2.35%
15/08/2022,24000,24100,24200,23800,31.51M,0.21%
16/08/2022,24550,24000,24700,24000,65.49M,2.29%
17/08/2022,24300,24600,24650,24150,27.44M,-1.02%
18/08/2022,24150,24100,24350,24050,23.22M,-0.62%
19/08/2022,23750,24100,24250,23650,31.46M,-1.66%
22/08/2022,23350,23650,23750,23150,23.80M,-1.68%
23/08/2022,23650,23100,23650,23100,16.69M,1.28%
24/08/2022,23500,23650,23750,23500,12.13M,-0.63%
25/08/2022,23850,23750,24050,23600,18.26M,1.49%
26/08/2022,23500,24000,24000,23500,16.47M,-1.47%
29/08/2022,23000,23050,23250,22650,32.47M,-2.13%
30/08/2022,23050,23100,23300,22950,15.31M,0.22%
31/08/2022,23000,23000,23150,22750,14.98M,-0.22%
5/9/2022,23900,23050,24100,23050,26.28M,3.91%
6/9/2022,23550,24000,24200,23550,15.33M,-1.46%
7/9/2022,23000,23550,23800,23000,25.03M,-2.34%
8/9/2022,23100,23200,23450,22900,20.37M,0.43%
9/9/2022,23800,23350,23800,23100,26.05M,3.03%
12/9/2022,23800,23900,24300,23800,26.17M,0.00%
13/09/2022,23700,23750,24000,23500,14.68M,-0.42%
14/09/2022,23700,23250,23800,23250,27.03M,0.00%
15/09/2022,23600,23900,23900,23450,13.73M,-0.42%
16/09/2022,23000,23400,23600,23000,27.51M,-2.54%
19/09/2022,22650,23100,23250,22450,27.48M,-1.52%
20/09/2022,23000,22800,23000,22600,11.51M,1.55%
21/09/2022,22900,22900,22950,22700,9.92M,-0.43%
22/09/2022,23000,22700,23100,22650,11.59M,0.44%
23/09/2022,22700,23050,23200,22700,14.59M,-1.30%
26/09/2022,22400,22450,22600,21850,25.88M,-1.32%
27/09/2022,22400,22450,22500,22100,9.01M,0.00%
28/09/2022,21800,22200,22450,21600,14.07M,-2.68%
29/09/2022,21650,22150,22300,21650,10.33M,-0.69%
30/09/2022,21200,21500,21650,20700,23.37M,-2.08%
3/10/2022,19750,21200,21200,19750,33.57M,-6.84%
4/10/2022,18850,20100,20250,18650,30.51M,-4.56%
5/10/2022,19200,19200,19350,18850,25.32M,1.86%
6/10/2022,18000,19300,19300,18000,37.46M,-6.25%
7/10/2022,17600,17650,17800,17050,36.47M,-2.22%
10/10/2022,18350,17300,18600,17200,25.06M,4.26%
11/10/2022,17500,18400,18400,17350,26.45M,-4.63%
12/10/2022,18700,17800,18700,17500,29.00M,6.86%
13/10/2022,19500,18800,19600,18550,24.20M,4.28%
14/10/2022,19450,19750,19900,19300,22.59M,-0.26%
17/10/2022,19250,19250,19350,18900,17.06M,-1.03%
18/10/2022,18850,19500,19700,18700,24.39M,-2.08%
19/10/2022,18400,18850,18850,18350,20.24M,-2.39%
20/10/2022,18100,18350,18600,18050,26.03M,-1.63%
21/10/2022,16900,18300,18300,16900,45.16M,-6.63%
24/10/2022,16400,17000,17050,16200,27.97M,-2.96%
25/10/2022,17100,16400,17500,16050,31.11M,4.27%
26/10/2022,16900,17000,17400,16850,11.24M,-1.17%
27/10/2022,17400,16950,17600,16900,21.37M,2.96%
28/10/2022,16800,17400,17650,16800,31.20M,-3.45%
31/10/2022,15650,15650,16000,15650,66.30M,-6.85%
1/11/2022,15000,15750,16000,14800,81.55M,-4.15%
2/11/2022,15350,15000,15700,15000,40.12M,2.33%
3/11/2022,15200,15250,15450,15100,20.63M,-0.98%
4/11/2022,14650,15000,15150,14500,43.89M,-3.62%
7/11/2022,13700,14550,14800,13700,38.26M,-6.48%
8/11/2022,13150,13100,13700,13000,46.27M,-4.01%
9/11/2022,13000,13200,13600,12950,32.79M,-1.14%
10/11/2022,12100,12700,12800,12100,79.75M,-6.92%
11/11/2022,12300,12300,12650,12000,60.72M,1.65%
14/11/2022,12200,12150,12450,11850,60.27M,-0.81%
15/11/2022,12500,12000,12550,12000,40.42M,2.46%
16/11/2022,13350,12300,13350,11800,34.90M,6.80%
17/11/2022,14250,13900,14250,13800,21.51M,6.74%
18/11/2022,15100,14600,15200,14250,99.66M,5.96%
21/11/2022,14950,15200,15250,14750,31.60M,-0.99%
22/11/2022,14800,14650,15450,14450,43.25M,-1.00%
23/11/2022,13800,14700,14850,13800,30.30M,-6.76%
24/11/2022,14350,13700,14400,13600,31.12M,3.99%
25/11/2022,15300,14600,15300,14350,26.53M,6.62%
28/11/2022,16350,15600,16350,15600,58.84M,6.86%
29/11/2022,17400,16600,17450,16350,64.31M,6.42%
30/11/2022,18400,17550,18400,17200,57.72M,5.75%
1/12/2022,18200,18750,19650,18000,66.59M,-1.09%
2/12/2022,19450,18000,19450,17800,45.68M,6.87%
5/12/2022,20000,19800,20400,19500,46.51M,2.83%
6/12/2022,18600,19900,19950,18600,62.78M,-7.00%
7/12/2022,18250,18000,19150,17700,34.62M,-1.88%
8/12/2022,18900,18900,19350,18500,29.94M,3.56%
9/12/2022,19200,18900,19450,18500,34.55M,1.59%
12/12/2022,18600,19200,19550,18600,35.83M,-3.13%
13/12/2022,19000,18600,19000,18250,24.34M,2.15%
14/12/2022,19200,19350,19600,19000,34.29M,1.05%
15/12/2022,19350,19100,19650,19100,20.98M,0.78%
16/12/2022,20400,19200,20450,18950,55.38M,5.43%
19/12/2022,20000,20600,21250,20000,48.04M,-1.96%
20/12/2022,19000,19800,20100,18750,45.55M,-5.00%
21/12/2022,18900,19400,19450,18100,27.70M,-0.53%
22/12/2022,18900,19100,19600,18700,18.97M,0.00%
23/12/2022,18350,18850,18900,18100,24.81M,-2.91%
